web-scraper-order,web-scraper-start-url,domainLink,domainLink-href,siteName,Category
"1540623367-955","https://www.snapnames.com/store/Daily-Deals.action?sid=1540620071791","beer-kit.com","https://www.snapnames.com/domain/beer-kit.com.action","beer-kit.com","FoodAndDrink > Beer"
"1540622492-674","https://www.snapnames.com/store/Daily-Deals.action?sid=1540620071791","jewishlogic.com","https://www.snapnames.com/domain/jewishlogic.com.action","jewishlogic.com","Society > Religious"
"1540623459-985","https://www.snapnames.com/store/Daily-Deals.action?sid=1540620071791","arctourism.com","https://www.snapnames.com/domain/arctourism.com.action","arctourism.com","Transportation > Travel"
"1540623108-873","https://www.snapnames.com/store/Daily-Deals.action?sid=1540620071791","cowtoday.com","https://www.snapnames.com/domain/cowtoday.com.action","cowtoday.com","PlantsAndAnimals > Animals"
"1540623068-860","https://www.snapnames.com/store/Daily-Deals.action?sid=1540620071791","darkrats.com","https://www.snapnames.com/domain/darkrats.com.action","darkrats.com","PlantsAndAnimals > Animals"
"1540622740-754","https://www.snapnames.com/store/Daily-Deals.action?sid=1540620071791","ftlauderdaleca[...].com","https://www.snapnames.com/domain/ftlauderdalecarinsurance.com.action","ftlauderdalecarinsurance.com","null"
"1540623062-858","https://www.snapnames.com/store/Daily-Deals.action?sid=1540620071791","dawnweddinginv[...].com","https://www.snapnames.com/domain/dawnweddinginvitations.com.action","dawnweddinginvitations.com","null"
"1540622792-771","https://www.snapnames.com/store/Daily-Deals.action?sid=1540620071791","flightmba.com","https://www.snapnames.com/domain/flightmba.com.action","flightmba.com","null"
"1540622178-573","https://www.snapnames.com/store/Daily-Deals.action?sid=1540620071791","nerdtourist.com","https://www.snapnames.com/domain/nerdtourist.com.action","nerdtourist.com","People > People"
"1540622719-747","https://www.snapnames.com/store/Daily-Deals.action?sid=1540620071791","galamanor.com","https://www.snapnames.com/domain/galamanor.com.action","galamanor.com","Entertainment > Entertainment"
"1540622814-778","https://www.snapnames.com/store/Daily-Deals.action?sid=1540620071791","financialidol.com","https://www.snapnames.com/domain/financialidol.com.action","financialidol.com","Finance > Finance"
"1540623123-878","https://www.snapnames.com/store/Daily-Deals.action?sid=1540620071791","corpleo.com","https://www.snapnames.com/domain/corpleo.com.action","corpleo.com","Business > Business"
"1540622663-729","https://www.snapnames.com/store/Daily-Deals.action?sid=1540620071791","greenstereo.com","https://www.snapnames.com/domain/greenstereo.com.action","greenstereo.com","null"
"1540622406-646","https://www.snapnames.com/store/Daily-Deals.action?sid=1540620071791","leaserpm.com","https://www.snapnames.com/domain/leaserpm.com.action","leaserpm.com","Transportation > Auto"
"1540621984-511","https://www.snapnames.com/store/Daily-Deals.action?sid=1540620071791","poodeer.com","https://www.snapnames.com/domain/poodeer.com.action","poodeer.com","PlantsAndAnimals > Animals"
"1540622957-824","https://www.snapnames.com/store/Daily-Deals.action?sid=1540620071791","drugsatm.com","https://www.snapnames.com/domain/drugsatm.com.action","drugsatm.com","Finance > Finance"
"1540622124-556","https://www.snapnames.com/store/Daily-Deals.action?sid=1540620071791","nucil.com","https://www.snapnames.com/domain/nucil.com.action","nucil.com","null"
"1540622215-585","https://www.snapnames.com/store/Daily-Deals.action?sid=1540620071791","musevpn.com","https://www.snapnames.com/domain/musevpn.com.action","musevpn.com","Technology > Tech"
"1540622205-582","https://www.snapnames.com/store/Daily-Deals.action?sid=1540620071791","nametax.com","https://www.snapnames.com/domain/nametax.com.action","nametax.com","Finance > Finance"
"1540621981-510","https://www.snapnames.com/store/Daily-Deals.action?sid=1540620071791","portalgift.com","https://www.snapnames.com/domain/portalgift.com.action","portalgift.com","Shopping > Shopping"
"1540622691-738","https://www.snapnames.com/store/Daily-Deals.action?sid=1540620071791","gifpapa.com","https://www.snapnames.com/domain/gifpapa.com.action","gifpapa.com","Technology > Tech"
"1540622462-664","https://www.snapnames.com/store/Daily-Deals.action?sid=1540620071791","keyjockey.com","https://www.snapnames.com/domain/keyjockey.com.action","keyjockey.com","Sports > Sports"
"1540623268-924","https://www.snapnames.com/store/Daily-Deals.action?sid=1540620071791","busanblog.com","https://www.snapnames.com/domain/busanblog.com.action","busanblog.com","Transportation > Transportation"
"1540622871-796","https://www.snapnames.com/store/Daily-Deals.action?sid=1540620071791","estatevolt.com","https://www.snapnames.com/domain/estatevolt.com.action","estatevolt.com","ScienceAndEducation > Electricity"
"1540623071-861","https://www.snapnames.com/store/Daily-Deals.action?sid=1540620071791","dadsize.com","https://www.snapnames.com/domain/dadsize.com.action","dadsize.com","FamilyAndFriends > Family"
"1540623484-989","https://www.snapnames.com/store/Daily-Deals.action?sid=1540620071791","appstourist.com","https://www.snapnames.com/domain/appstourist.com.action","appstourist.com","Transportation > Travel"
"1540622544-691","https://www.snapnames.com/store/Daily-Deals.action?sid=1540620071791","indianferry.com","https://www.snapnames.com/domain/indianferry.com.action","indianferry.com","Transportation > Travel"
"1540622960-825","https://www.snapnames.com/store/Daily-Deals.action?sid=1540620071791","dramadoc.com","https://www.snapnames.com/domain/dramadoc.com.action","dramadoc.com","Entertainment > Entertainment"
"1540622526-685","https://www.snapnames.com/store/Daily-Deals.action?sid=1540620071791","ironjesus.com","https://www.snapnames.com/domain/ironjesus.com.action","ironjesus.com","Society > Religious"
"1540623404-967","https://www.snapnames.com/store/Daily-Deals.action?sid=1540620071791","azuredate.com","https://www.snapnames.com/domain/azuredate.com.action","azuredate.com","Arts > Color"
"1540623355-951","https://www.snapnames.com/store/Daily-Deals.action?sid=1540620071791","bibleuser.com","https://www.snapnames.com/domain/bibleuser.com.action","bibleuser.com","Society > Religious"
"1540622948-821","https://www.snapnames.com/store/Daily-Deals.action?sid=1540620071791","dualcinema.com","https://www.snapnames.com/domain/dualcinema.com.action","dualcinema.com","Entertainment > Movies"
"1540622050-532","https://www.snapnames.com/store/Daily-Deals.action?sid=1540620071791","pet-kennel.com","https://www.snapnames.com/domain/pet-kennel.com.action","pet-kennel.com","PlantsAndAnimals > Animals"
"1540622688-737","https://www.snapnames.com/store/Daily-Deals.action?sid=1540620071791","gigsbank.com","https://www.snapnames.com/domain/gigsbank.com.action","gigsbank.com","Finance > Finance"
"1540622370-634","https://www.snapnames.com/store/Daily-Deals.action?sid=1540620071791","lubelamp.com","https://www.snapnames.com/domain/lubelamp.com.action","lubelamp.com","HomeAndGarden > Home"
"1540623240-915","https://www.snapnames.com/store/Daily-Deals.action?sid=1540620071791","candlesi.com","https://www.snapnames.com/domain/candlesi.com.action","candlesi.com","Shopping > Shopping"
"1540621978-509","https://www.snapnames.com/store/Daily-Deals.action?sid=1540620071791","portdownload.com","https://www.snapnames.com/domain/portdownload.com.action","portdownload.com","Technology > Internet"
"1540622566-698","https://www.snapnames.com/store/Daily-Deals.action?sid=1540620071791","hungaryland.com","https://www.snapnames.com/domain/hungaryland.com.action","hungaryland.com","Geo > Country"
"1540623349-949","https://www.snapnames.com/store/Daily-Deals.action?sid=1540620071791","birdticket.com","https://www.snapnames.com/domain/birdticket.com.action","birdticket.com","Entertainment > Entertainment"
"1540622400-644","https://www.snapnames.com/store/Daily-Deals.action?sid=1540620071791","lemonprice.com","https://www.snapnames.com/domain/lemonprice.com.action","lemonprice.com","Shopping > Shopping"
"1540623013-842","https://www.snapnames.com/store/Daily-Deals.action?sid=1540620071791","dirtbiz.com","https://www.snapnames.com/domain/dirtbiz.com.action","dirtbiz.com","Business > Business"
"1540622927-814","https://www.snapnames.com/store/Daily-Deals.action?sid=1540620071791","economizing.net","https://www.snapnames.com/domain/economizing.net.action","economizing.net","null"
"1540622458-663","https://www.snapnames.com/store/Daily-Deals.action?sid=1540620071791","killerpeach.com","https://www.snapnames.com/domain/killerpeach.com.action","killerpeach.com","FoodAndDrink > Fruit"
"1540622709-744","https://www.snapnames.com/store/Daily-Deals.action?sid=1540620071791","gardengroverea[...].com","https://www.snapnames.com/domain/gardengroverealestateagents.com.action","gardengroverealestateagents.com","null"
"1540623105-872","https://www.snapnames.com/store/Daily-Deals.action?sid=1540620071791","cozycheck.com","https://www.snapnames.com/domain/cozycheck.com.action","cozycheck.com","Finance > Finance"
"1540622115-553","https://www.snapnames.com/store/Daily-Deals.action?sid=1540620071791","nwclubs.com","https://www.snapnames.com/domain/nwclubs.com.action","nwclubs.com","Entertainment > Entertainment"
"1540621993-514","https://www.snapnames.com/store/Daily-Deals.action?sid=1540620071791","plannermark.com","https://www.snapnames.com/domain/plannermark.com.action","plannermark.com","Finance > Finance"
"1540622581-702","https://www.snapnames.com/store/Daily-Deals.action?sid=1540620071791","honeyequity.com","https://www.snapnames.com/domain/honeyequity.com.action","honeyequity.com","FoodAndDrink > Food"
"1540623157-889","https://www.snapnames.com/store/Daily-Deals.action?sid=1540620071791","clinicvalue.com","https://www.snapnames.com/domain/clinicvalue.com.action","clinicvalue.com","Health > Health"
"1540622722-748","https://www.snapnames.com/store/Daily-Deals.action?sid=1540620071791","gabonland.com","https://www.snapnames.com/domain/gabonland.com.action","gabonland.com","Geo > Country"
"1540622087-544","https://www.snapnames.com/store/Daily-Deals.action?sid=1540620071791","othoy.com","https://www.snapnames.com/domain/othoy.com.action","othoy.com","null"
"1540622248-596","https://www.snapnames.com/store/Daily-Deals.action?sid=1540620071791","minihobo.com","https://www.snapnames.com/domain/minihobo.com.action","minihobo.com","People > People"
"1540622078-541","https://www.snapnames.com/store/Daily-Deals.action?sid=1540620071791","pacificmediapub.com","https://www.snapnames.com/domain/pacificmediapub.com.action","pacificmediapub.com","null"
"1540622455-662","https://www.snapnames.com/store/Daily-Deals.action?sid=1540620071791","kioskunit.com","https://www.snapnames.com/domain/kioskunit.com.action","kioskunit.com","Shopping > Shopping"
"1540622169-570","https://www.snapnames.com/store/Daily-Deals.action?sid=1540620071791","netherlandsant[...].com","https://www.snapnames.com/domain/netherlandsantilleshotel.com.action","netherlandsantilleshotel.com","Transportation > Travel"
"1540623040-851","https://www.snapnames.com/store/Daily-Deals.action?sid=1540620071791","deeppasta.com","https://www.snapnames.com/domain/deeppasta.com.action","deeppasta.com","FoodAndDrink > Food"
"1540623453-983","https://www.snapnames.com/store/Daily-Deals.action?sid=1540620071791","arlinux.com","https://www.snapnames.com/domain/arlinux.com.action","arlinux.com","Technology > Tech"
"1540622320-618","https://www.snapnames.com/store/Daily-Deals.action?sid=1540620071791","maskegg.com","https://www.snapnames.com/domain/maskegg.com.action","maskegg.com","FoodAndDrink > Food"
"1540623497-993","https://www.snapnames.com/store/Daily-Deals.action?sid=1540620071791","anmango.com","https://www.snapnames.com/domain/anmango.com.action","anmango.com","FoodAndDrink > Fruit"
"1540622339-624","https://www.snapnames.com/store/Daily-Deals.action?sid=1540620071791","mapscam.com","https://www.snapnames.com/domain/mapscam.com.action","mapscam.com","Transportation > Travel"
"1540623148-886","https://www.snapnames.com/store/Daily-Deals.action?sid=1540620071791","cocoacamp.com","https://www.snapnames.com/domain/cocoacamp.com.action","cocoacamp.com","FoodAndDrink > Food"
"1540622333-622","https://www.snapnames.com/store/Daily-Deals.action?sid=1540620071791","marketark.com","https://www.snapnames.com/domain/marketark.com.action","marketark.com","Shopping > Shopping"
"1540623425-974","https://www.snapnames.com/store/Daily-Deals.action?sid=1540620071791","atstockmarket.com","https://www.snapnames.com/domain/atstockmarket.com.action","atstockmarket.com","Finance > Finance"
"1540623530-1004","https://www.snapnames.com/store/Daily-Deals.action?sid=1540620071791","airytours.com","https://www.snapnames.com/domain/airytours.com.action","airytours.com","Transportation > Travel"
"1540622489-673","https://www.snapnames.com/store/Daily-Deals.action?sid=1540620071791","jikef.com","https://www.snapnames.com/domain/jikef.com.action","jikef.com","null"
"1540622449-660","https://www.snapnames.com/store/Daily-Deals.action?sid=1540620071791","koroast.com","https://www.snapnames.com/domain/koroast.com.action","koroast.com","FoodAndDrink > Food"
"1540623059-857","https://www.snapnames.com/store/Daily-Deals.action?sid=1540620071791","daytonabeachni[...].com","https://www.snapnames.com/domain/daytonabeachnightclub.com.action","daytonabeachnightclub.com","null"
"1540622317-617","https://www.snapnames.com/store/Daily-Deals.action?sid=1540620071791","massclothes.com","https://www.snapnames.com/domain/massclothes.com.action","massclothes.com","ClothingAndAccessories > Clothing"
"1540622617-714","https://www.snapnames.com/store/Daily-Deals.action?sid=1540620071791","heatsounds.com","https://www.snapnames.com/domain/heatsounds.com.action","heatsounds.com","Entertainment > Music"
"1540623244-916","https://www.snapnames.com/store/Daily-Deals.action?sid=1540620071791","cancertime.com","https://www.snapnames.com/domain/cancertime.com.action","cancertime.com","null"
"1540623361-953","https://www.snapnames.com/store/Daily-Deals.action?sid=1540620071791","betdodo.com","https://www.snapnames.com/domain/betdodo.com.action","betdodo.com","Entertainment > Gambling"
"1540622314-616","https://www.snapnames.com/store/Daily-Deals.action?sid=1540620071791","maxcod.com","https://www.snapnames.com/domain/maxcod.com.action","maxcod.com","PlantsAndAnimals > Fish"
"1540622596-707","https://www.snapnames.com/store/Daily-Deals.action?sid=1540620071791","hoebath.com","https://www.snapnames.com/domain/hoebath.com.action","hoebath.com","HomeAndGarden > Garden"
"1540622854-791","https://www.snapnames.com/store/Daily-Deals.action?sid=1540620071791","expuppet.com","https://www.snapnames.com/domain/expuppet.com.action","expuppet.com","FamilyAndFriends > Family"
"1540623178-895","https://www.snapnames.com/store/Daily-Deals.action?sid=1540620071791","chatyard.com","https://www.snapnames.com/domain/chatyard.com.action","chatyard.com","null"
"1540622409-647","https://www.snapnames.com/store/Daily-Deals.action?sid=1540620071791","leadstours.com","https://www.snapnames.com/domain/leadstours.com.action","leadstours.com","Transportation > Travel"
"1540622697-740","https://www.snapnames.com/store/Daily-Deals.action?sid=1540620071791","germanmod.com","https://www.snapnames.com/domain/germanmod.com.action","germanmod.com","Society > Language"
"1540623317-940","https://www.snapnames.com/store/Daily-Deals.action?sid=1540620071791","bosniaherzegov[...].com","https://www.snapnames.com/domain/bosniaherzegovinablog.com.action","bosniaherzegovinablog.com","Geo > Country"
"1540622917-811","https://www.snapnames.com/store/Daily-Deals.action?sid=1540620071791","egolotto.com","https://www.snapnames.com/domain/egolotto.com.action","egolotto.com","Entertainment > Gambling"
"1540622976-830","https://www.snapnames.com/store/Daily-Deals.action?sid=1540620071791","dominicablog.com","https://www.snapnames.com/domain/dominicablog.com.action","dominicablog.com","null"
"1540622075-540","https://www.snapnames.com/store/Daily-Deals.action?sid=1540620071791","palcottage.com","https://www.snapnames.com/domain/palcottage.com.action","palcottage.com","HomeAndGarden > Realestate"
"1540622005-518","https://www.snapnames.com/store/Daily-Deals.action?sid=1540620071791","pipinjury.com","https://www.snapnames.com/domain/pipinjury.com.action","pipinjury.com","Health > Health"
"1540622575-700","https://www.snapnames.com/store/Daily-Deals.action?sid=1540620071791","hotellongbeach[...].com","https://www.snapnames.com/domain/hotellongbeachresort.com.action","hotellongbeachresort.com","Transportation > Travel"
"1540622878-798","https://www.snapnames.com/store/Daily-Deals.action?sid=1540620071791","eracycling.com","https://www.snapnames.com/domain/eracycling.com.action","eracycling.com","Sports > Sports"
"1540622602-709","https://www.snapnames.com/store/Daily-Deals.action?sid=1540620071791","hiddenpension.com","https://www.snapnames.com/domain/hiddenpension.com.action","hiddenpension.com","Finance > Finance"
"1540622979-831","https://www.snapnames.com/store/Daily-Deals.action?sid=1540620071791","domainvelocity.com","https://www.snapnames.com/domain/domainvelocity.com.action","domainvelocity.com","Technology > Tech"
"1540622807-776","https://www.snapnames.com/store/Daily-Deals.action?sid=1540620071791","financialvolt.com","https://www.snapnames.com/domain/financialvolt.com.action","financialvolt.com","Finance > Finance"
"1540623419-972","https://www.snapnames.com/store/Daily-Deals.action?sid=1540620071791","audiopantry.com","https://www.snapnames.com/domain/audiopantry.com.action","audiopantry.com","FoodAndDrink > Food"
"1540623286-930","https://www.snapnames.com/store/Daily-Deals.action?sid=1540620071791","budsedu.com","https://www.snapnames.com/domain/budsedu.com.action","budsedu.com","ScienceAndEducation > Education"
"1540622973-829","https://www.snapnames.com/store/Daily-Deals.action?sid=1540620071791","dominicanrepub[...].com","https://www.snapnames.com/domain/dominicanrepublicblog.com.action","dominicanrepublicblog.com","Technology > Blogs"
"1540623416-971","https://www.snapnames.com/store/Daily-Deals.action?sid=1540620071791","autosleads.com","https://www.snapnames.com/domain/autosleads.com.action","autosleads.com","Transportation > Auto"
"1540622820-780","https://www.snapnames.com/store/Daily-Deals.action?sid=1540620071791","fifthhair.com","https://www.snapnames.com/domain/fifthhair.com.action","fifthhair.com","null"
"1540622517-682","https://www.snapnames.com/store/Daily-Deals.action?sid=1540620071791","jackpothome.com","https://www.snapnames.com/domain/jackpothome.com.action","jackpothome.com","Entertainment > Gambling"
"1540623283-929","https://www.snapnames.com/store/Daily-Deals.action?sid=1540620071791","budsocks.com","https://www.snapnames.com/domain/budsocks.com.action","budsocks.com","ClothingAndAccessories > Clothing"
"1540622019-522","https://www.snapnames.com/store/Daily-Deals.action?sid=1540620071791","pigshoppe.com","https://www.snapnames.com/domain/pigshoppe.com.action","pigshoppe.com","Shopping > Shopping"
"1540622633-719","https://www.snapnames.com/store/Daily-Deals.action?sid=1540620071791","hawkcareer.com","https://www.snapnames.com/domain/hawkcareer.com.action","hawkcareer.com","Business > Work"
"1540623043-852","https://www.snapnames.com/store/Daily-Deals.action?sid=1540620071791","deenm.com","https://www.snapnames.com/domain/deenm.com.action","deenm.com","Geo > StateCode"
"1540623065-859","https://www.snapnames.com/store/Daily-Deals.action?sid=1540620071791","datecorn.com","https://www.snapnames.com/domain/datecorn.com.action","datecorn.com","FoodAndDrink > Food"
"1540622196-579","https://www.snapnames.com/store/Daily-Deals.action?sid=1540620071791","nanopillow.com","https://www.snapnames.com/domain/nanopillow.com.action","nanopillow.com","HomeAndGarden > Home"
"1540623154-888","https://www.snapnames.com/store/Daily-Deals.action?sid=1540620071791","clubchum.com","https://www.snapnames.com/domain/clubchum.com.action","clubchum.com","Entertainment > Entertainment"
"1540622230-590","https://www.snapnames.com/store/Daily-Deals.action?sid=1540620071791","motorestate.com","https://www.snapnames.com/domain/motorestate.com.action","motorestate.com","HomeAndGarden > Realestate"
"1540622523-684","https://www.snapnames.com/store/Daily-Deals.action?sid=1540620071791","ivystate.com","https://www.snapnames.com/domain/ivystate.com.action","ivystate.com","HomeAndGarden > Garden"
"1540623280-928","https://www.snapnames.com/store/Daily-Deals.action?sid=1540620071791","buggymag.com","https://www.snapnames.com/domain/buggymag.com.action","buggymag.com","Entertainment > Reading"
"1540622181-574","https://www.snapnames.com/store/Daily-Deals.action?sid=1540620071791","nerdmenu.com","https://www.snapnames.com/domain/nerdmenu.com.action","nerdmenu.com","People > People"
"1540622394-642","https://www.snapnames.com/store/Daily-Deals.action?sid=1540620071791","liberiaweather.com","https://www.snapnames.com/domain/liberiaweather.com.action","liberiaweather.com","Entertainment > Weather"
"1540622480-670","https://www.snapnames.com/store/Daily-Deals.action?sid=1540620071791","jikep.com","https://www.snapnames.com/domain/jikep.com.action","jikep.com","null"
"1540622354-629","https://www.snapnames.com/store/Daily-Deals.action?sid=1540620071791","madeinnamibia.com","https://www.snapnames.com/domain/madeinnamibia.com.action","madeinnamibia.com","Geo > StateCode"
"1540622477-669","https://www.snapnames.com/store/Daily-Deals.action?sid=1540620071791","jobsyour.com","https://www.snapnames.com/domain/jobsyour.com.action","jobsyour.com","Business > Work"
"1540622921-812","https://www.snapnames.com/store/Daily-Deals.action?sid=1540620071791","eggknife.com","https://www.snapnames.com/domain/eggknife.com.action","eggknife.com","FoodAndDrink > Food"
"1540622804-775","https://www.snapnames.com/store/Daily-Deals.action?sid=1540620071791","findgoodart.com","https://www.snapnames.com/domain/findgoodart.com.action","findgoodart.com","Arts > Art"
"1540622642-722","https://www.snapnames.com/store/Daily-Deals.action?sid=1540620071791","hammay.com","https://www.snapnames.com/domain/hammay.com.action","hammay.com","null"
"1540623389-962","https://www.snapnames.com/store/Daily-Deals.action?sid=1540620071791","bccgift.com","https://www.snapnames.com/domain/bccgift.com.action","bccgift.com","Shopping > Shopping"
"1540623074-862","https://www.snapnames.com/store/Daily-Deals.action?sid=1540620071791","dadalbum.com","https://www.snapnames.com/domain/dadalbum.com.action","dadalbum.com","FamilyAndFriends > Family"
"1540623215-907","https://www.snapnames.com/store/Daily-Deals.action?sid=1540620071791","cashflowzen.com","https://www.snapnames.com/domain/cashflowzen.com.action","cashflowzen.com","Finance > Finance"
"1540622112-552","https://www.snapnames.com/store/Daily-Deals.action?sid=1540620071791","officeblogs.com","https://www.snapnames.com/domain/officeblogs.com.action","officeblogs.com","Technology > Blogs"
"1540623462-986","https://www.snapnames.com/store/Daily-Deals.action?sid=1540620071791","archrent.com","https://www.snapnames.com/domain/archrent.com.action","archrent.com","Finance > Rental"
"1540623166-892","https://www.snapnames.com/store/Daily-Deals.action?sid=1540620071791","chityak.com","https://www.snapnames.com/domain/chityak.com.action","chityak.com","Finance > Finance"
"1540623441-979","https://www.snapnames.com/store/Daily-Deals.action?sid=1540620071791","artsrvs.com","https://www.snapnames.com/domain/artsrvs.com.action","artsrvs.com","Transportation > Travel"
"1540622789-770","https://www.snapnames.com/store/Daily-Deals.action?sid=1540620071791","floorfever.com","https://www.snapnames.com/domain/floorfever.com.action","floorfever.com","HomeAndGarden > Home"
"1540622391-641","https://www.snapnames.com/store/Daily-Deals.action?sid=1540620071791","lightpms.com","https://www.snapnames.com/domain/lightpms.com.action","lightpms.com","Health > Health"
"1540622988-834","https://www.snapnames.com/store/Daily-Deals.action?sid=1540620071791","do-check.com","https://www.snapnames.com/domain/do-check.com.action","do-check.com","Finance > Finance"
"1540622994-836","https://www.snapnames.com/store/Daily-Deals.action?sid=1540620071791","dlipt.com","https://www.snapnames.com/domain/dlipt.com.action","dlipt.com","null"
"1540623136-882","https://www.snapnames.com/store/Daily-Deals.action?sid=1540620071791","conceptlady.com","https://www.snapnames.com/domain/conceptlady.com.action","conceptlady.com","People > People"
"1540622150-564","https://www.snapnames.com/store/Daily-Deals.action?sid=1540620071791","niftylid.com","https://www.snapnames.com/domain/niftylid.com.action","niftylid.com","ClothingAndAccessories > Clothing"
"1540622106-550","https://www.snapnames.com/store/Daily-Deals.action?sid=1540620071791","oilfaces.com","https://www.snapnames.com/domain/oilfaces.com.action","oilfaces.com","Health > Beauty"
"1540622342-625","https://www.snapnames.com/store/Daily-Deals.action?sid=1540620071791","manteller.com","https://www.snapnames.com/domain/manteller.com.action","manteller.com","People > People"
"1540623237-914","https://www.snapnames.com/store/Daily-Deals.action?sid=1540620071791","cardestiny.com","https://www.snapnames.com/domain/cardestiny.com.action","cardestiny.com","Transportation > Auto"
"1540623308-937","https://www.snapnames.com/store/Daily-Deals.action?sid=1540620071791","boyteddy.com","https://www.snapnames.com/domain/boyteddy.com.action","boyteddy.com","People > People"
"1540623163-891","https://www.snapnames.com/store/Daily-Deals.action?sid=1540620071791","chocolatehost.com","https://www.snapnames.com/domain/chocolatehost.com.action","chocolatehost.com","FoodAndDrink > Food"
"1540622933-816","https://www.snapnames.com/store/Daily-Deals.action?sid=1540620071791","ebreed.net","https://www.snapnames.com/domain/ebreed.net.action","ebreed.net","PlantsAndAnimals > Animals"
"1540622835-785","https://www.snapnames.com/store/Daily-Deals.action?sid=1540620071791","farmlandky.com","https://www.snapnames.com/domain/farmlandky.com.action","farmlandky.com","HomeAndGarden > Farm"
"1540623540-1007","https://www.snapnames.com/store/Daily-Deals.action?sid=1540620071791","afterrent.com","https://www.snapnames.com/domain/afterrent.com.action","afterrent.com","Finance > Rental"
"1540622501-677","https://www.snapnames.com/store/Daily-Deals.action?sid=1540620071791","jesusdays.com","https://www.snapnames.com/domain/jesusdays.com.action","jesusdays.com","Society > Religious"
"1540623305-936","https://www.snapnames.com/store/Daily-Deals.action?sid=1540620071791","bracerv.com","https://www.snapnames.com/domain/bracerv.com.action","bracerv.com","Transportation > Travel"
"1540623521-1001","https://www.snapnames.com/store/Daily-Deals.action?sid=1540620071791","alivesocks.com","https://www.snapnames.com/domain/alivesocks.com.action","alivesocks.com","ClothingAndAccessories > Clothing"
"1540623256-920","https://www.snapnames.com/store/Daily-Deals.action?sid=1540620071791","calmbridge.com","https://www.snapnames.com/domain/calmbridge.com.action","calmbridge.com","Transportation > Transportation"
"1540623340-946","https://www.snapnames.com/store/Daily-Deals.action?sid=1540620071791","blueppo.com","https://www.snapnames.com/domain/blueppo.com.action","blueppo.com","Health > Health"
"1540623376-958","https://www.snapnames.com/store/Daily-Deals.action?sid=1540620071791","bedbandit.com","https://www.snapnames.com/domain/bedbandit.com.action","bedbandit.com","HomeAndGarden > Home"
"1540623506-996","https://www.snapnames.com/store/Daily-Deals.action?sid=1540620071791","androidstore.net","https://www.snapnames.com/domain/androidstore.net.action","androidstore.net","Shopping > Shopping"
"1540622758-760","https://www.snapnames.com/store/Daily-Deals.action?sid=1540620071791","fortunevine.com","https://www.snapnames.com/domain/fortunevine.com.action","fortunevine.com","Finance > Finance"
"1540622403-645","https://www.snapnames.com/store/Daily-Deals.action?sid=1540620071791","leigs.com","https://www.snapnames.com/domain/leigs.com.action","leigs.com","null"
"1540623509-997","https://www.snapnames.com/store/Daily-Deals.action?sid=1540620071791","androidgift.com","https://www.snapnames.com/domain/androidgift.com.action","androidgift.com","Shopping > Shopping"
"1540623212-906","https://www.snapnames.com/store/Daily-Deals.action?sid=1540620071791","ccoud.com","https://www.snapnames.com/domain/ccoud.com.action","ccoud.com","null"
"1540622360-631","https://www.snapnames.com/store/Daily-Deals.action?sid=1540620071791","lynxdisk.com","https://www.snapnames.com/domain/lynxdisk.com.action","lynxdisk.com","Technology > Tech"
"1540622422-651","https://www.snapnames.com/store/Daily-Deals.action?sid=1540620071791","lastrice.com","https://www.snapnames.com/domain/lastrice.com.action","lastrice.com","FoodAndDrink > Food"
"1540623299-934","https://www.snapnames.com/store/Daily-Deals.action?sid=1540620071791","breathcash.com","https://www.snapnames.com/domain/breathcash.com.action","breathcash.com","Finance > Finance"
"1540623031-848","https://www.snapnames.com/store/Daily-Deals.action?sid=1540620071791","dencombat.com","https://www.snapnames.com/domain/dencombat.com.action","dencombat.com","HomeAndGarden > Home"
"1540622811-777","https://www.snapnames.com/store/Daily-Deals.action?sid=1540620071791","financialsushi.com","https://www.snapnames.com/domain/financialsushi.com.action","financialsushi.com","FoodAndDrink > Food"
"1540622425-652","https://www.snapnames.com/store/Daily-Deals.action?sid=1540620071791","landpioneer.com","https://www.snapnames.com/domain/landpioneer.com.action","landpioneer.com","People > People"
"1540623438-978","https://www.snapnames.com/store/Daily-Deals.action?sid=1540620071791","ascentcoin.com","https://www.snapnames.com/domain/ascentcoin.com.action","ascentcoin.com","Finance > Finance"
"1540623512-998","https://www.snapnames.com/store/Daily-Deals.action?sid=1540620071791","alpwine.com","https://www.snapnames.com/domain/alpwine.com.action","alpwine.com","FoodAndDrink > Wine"
"1540623527-1003","https://www.snapnames.com/store/Daily-Deals.action?sid=1540620071791","akamentor.com","https://www.snapnames.com/domain/akamentor.com.action","akamentor.com","ScienceAndEducation > Education"
"1540622911-809","https://www.snapnames.com/store/Daily-Deals.action?sid=1540620071791","eldersos.com","https://www.snapnames.com/domain/eldersos.com.action","eldersos.com","FamilyAndFriends > Family"
"1540622290-608","https://www.snapnames.com/store/Daily-Deals.action?sid=1540620071791","meatcareer.com","https://www.snapnames.com/domain/meatcareer.com.action","meatcareer.com","Business > Work"
"1540622967-827","https://www.snapnames.com/store/Daily-Deals.action?sid=1540620071791","dorkdoc.com","https://www.snapnames.com/domain/dorkdoc.com.action","dorkdoc.com","People > People"
"1540622093-546","https://www.snapnames.com/store/Daily-Deals.action?sid=1540620071791","oonag.com","https://www.snapnames.com/domain/oonag.com.action","oonag.com","null"
"1540622532-687","https://www.snapnames.com/store/Daily-Deals.action?sid=1540620071791","international-news.net","https://www.snapnames.com/domain/international-news.net.action","international-news.net","Entertainment > News"
"1540622437-656","https://www.snapnames.com/store/Daily-Deals.action?sid=1540620071791","laceseller.com","https://www.snapnames.com/domain/laceseller.com.action","laceseller.com","Shopping > Shopping"
"1540623274-926","https://www.snapnames.com/store/Daily-Deals.action?sid=1540620071791","burundiblog.com","https://www.snapnames.com/domain/burundiblog.com.action","burundiblog.com","Technology > Blogs"
"1540622293-609","https://www.snapnames.com/store/Daily-Deals.action?sid=1540620071791","meanvoice.com","https://www.snapnames.com/domain/meanvoice.com.action","meanvoice.com","Entertainment > Music"
"1540623022-845","https://www.snapnames.com/store/Daily-Deals.action?sid=1540620071791","digitalrams.com","https://www.snapnames.com/domain/digitalrams.com.action","digitalrams.com","Technology > Tech"
"1540622130-558","https://www.snapnames.com/store/Daily-Deals.action?sid=1540620071791","notestores.com","https://www.snapnames.com/domain/notestores.com.action","notestores.com","Shopping > Shopping"
"1540623383-960","https://www.snapnames.com/store/Daily-Deals.action?sid=1540620071791","bearsvpn.com","https://www.snapnames.com/domain/bearsvpn.com.action","bearsvpn.com","Technology > Tech"
"1540622305-613","https://www.snapnames.com/store/Daily-Deals.action?sid=1540620071791","mayottehotel.com","https://www.snapnames.com/domain/mayottehotel.com.action","mayottehotel.com","Transportation > Travel"
"1540622908-808","https://www.snapnames.com/store/Daily-Deals.action?sid=1540620071791","elmteam.com","https://www.snapnames.com/domain/elmteam.com.action","elmteam.com","PlantsAndAnimals > Trees"
"1540623466-987","https://www.snapnames.com/store/Daily-Deals.action?sid=1540620071791","aquabookings.com","https://www.snapnames.com/domain/aquabookings.com.action","aquabookings.com","Transportation > Travel"
"1540622063-536","https://www.snapnames.com/store/Daily-Deals.action?sid=1540620071791","pcplate.com","https://www.snapnames.com/domain/pcplate.com.action","pcplate.com","Technology > Computers"
"1540622847-789","https://www.snapnames.com/store/Daily-Deals.action?sid=1540620071791","faintly.net","https://www.snapnames.com/domain/faintly.net.action","faintly.net","null"
"1540623271-925","https://www.snapnames.com/store/Daily-Deals.action?sid=1540620071791","burundiland.com","https://www.snapnames.com/domain/burundiland.com.action","burundiland.com","Geo > Country"
"1540622550-693","https://www.snapnames.com/store/Daily-Deals.action?sid=1540620071791","incomevilla.com","https://www.snapnames.com/domain/incomevilla.com.action","incomevilla.com","Finance > Finance"
"1540622090-545","https://www.snapnames.com/store/Daily-Deals.action?sid=1540620071791","order-management.com","https://www.snapnames.com/domain/order-management.com.action","order-management.com","Business > Business"
"1540621987-512","https://www.snapnames.com/store/Daily-Deals.action?sid=1540620071791","pondbar.com","https://www.snapnames.com/domain/pondbar.com.action","pondbar.com","Entertainment > Entertainment"
"1540622890-802","https://www.snapnames.com/store/Daily-Deals.action?sid=1540620071791","enthusiastically.net","https://www.snapnames.com/domain/enthusiastically.net.action","enthusiastically.net","null"
"1540622875-797","https://www.snapnames.com/store/Daily-Deals.action?sid=1540620071791","estatesguy.com","https://www.snapnames.com/domain/estatesguy.com.action","estatesguy.com","HomeAndGarden > Realestate"
"1540623314-939","https://www.snapnames.com/store/Daily-Deals.action?sid=1540620071791","botswanablog.com","https://www.snapnames.com/domain/botswanablog.com.action","botswanablog.com","Technology > Blogs"
"1540622143-562","https://www.snapnames.com/store/Daily-Deals.action?sid=1540620071791","ninjabazar.com","https://www.snapnames.com/domain/ninjabazar.com.action","ninjabazar.com","Shopping > Shopping"
"1540622768-763","https://www.snapnames.com/store/Daily-Deals.action?sid=1540620071791","forkcoins.com","https://www.snapnames.com/domain/forkcoins.com.action","forkcoins.com","null"
"1540623471-988","https://www.snapnames.com/store/Daily-Deals.action?sid=1540620071791","aprgirl.com","https://www.snapnames.com/domain/aprgirl.com.action","aprgirl.com","null"
"1540622899-805","https://www.snapnames.com/store/Daily-Deals.action?sid=1540620071791","emailzap.com","https://www.snapnames.com/domain/emailzap.com.action","emailzap.com","Technology > Internet"
"1540622771-764","https://www.snapnames.com/store/Daily-Deals.action?sid=1540620071791","foodsbbq.com","https://www.snapnames.com/domain/foodsbbq.com.action","foodsbbq.com","FoodAndDrink > Food"
"1540623056-856","https://www.snapnames.com/store/Daily-Deals.action?sid=1540620071791","dbposit.com","https://www.snapnames.com/domain/dbposit.com.action","dbposit.com","Technology > Tech"
"1540622510-680","https://www.snapnames.com/store/Daily-Deals.action?sid=1540620071791","janenglish.com","https://www.snapnames.com/domain/janenglish.com.action","janenglish.com","null"
"1540623444-980","https://www.snapnames.com/store/Daily-Deals.action?sid=1540620071791","artbooksintern[...].com","https://www.snapnames.com/domain/artbooksinternational.com.action","artbooksinternational.com","Entertainment > Reading"
"1540622590-705","https://www.snapnames.com/store/Daily-Deals.action?sid=1540620071791","hogdent.com","https://www.snapnames.com/domain/hogdent.com.action","hogdent.com","PlantsAndAnimals > Animals"
"1540622060-535","https://www.snapnames.com/store/Daily-Deals.action?sid=1540620071791","pdforca.com","https://www.snapnames.com/domain/pdforca.com.action","pdforca.com","Technology > Internet"
"1540623346-948","https://www.snapnames.com/store/Daily-Deals.action?sid=1540620071791","blingbeds.com","https://www.snapnames.com/domain/blingbeds.com.action","blingbeds.com","HomeAndGarden > Home"
"1540622924-813","https://www.snapnames.com/store/Daily-Deals.action?sid=1540620071791","edusafes.com","https://www.snapnames.com/domain/edusafes.com.action","edusafes.com","ScienceAndEducation > Education"
"1540623329-944","https://www.snapnames.com/store/Daily-Deals.action?sid=1540620071791","bombgods.com","https://www.snapnames.com/domain/bombgods.com.action","bombgods.com","Society > Religious"
"1540623386-961","https://www.snapnames.com/store/Daily-Deals.action?sid=1540620071791","beantoons.com","https://www.snapnames.com/domain/beantoons.com.action","beantoons.com","Entertainment > Entertainment"
"1540622109-551","https://www.snapnames.com/store/Daily-Deals.action?sid=1540620071791","ogide.com","https://www.snapnames.com/domain/ogide.com.action","ogide.com","null"
"1540623139-883","https://www.snapnames.com/store/Daily-Deals.action?sid=1540620071791","colorpolo.com","https://www.snapnames.com/domain/colorpolo.com.action","colorpolo.com","Sports > Sports"
"1540622660-728","https://www.snapnames.com/store/Daily-Deals.action?sid=1540620071791","groomservices.net","https://www.snapnames.com/domain/groomservices.net.action","groomservices.net","FamilyAndFriends > Marriage"
"1540622081-542","https://www.snapnames.com/store/Daily-Deals.action?sid=1540620071791","oyotu.com","https://www.snapnames.com/domain/oyotu.com.action","oyotu.com","null"
"1540622419-650","https://www.snapnames.com/store/Daily-Deals.action?sid=1540620071791","lavsnow.com","https://www.snapnames.com/domain/lavsnow.com.action","lavsnow.com","Entertainment > Weather"
"1540622299-611","https://www.snapnames.com/store/Daily-Deals.action?sid=1540620071791","mealriot.com","https://www.snapnames.com/domain/mealriot.com.action","mealriot.com","FoodAndDrink > Food"
"1540623491-991","https://www.snapnames.com/store/Daily-Deals.action?sid=1540620071791","aplussound.com","https://www.snapnames.com/domain/aplussound.com.action","aplussound.com","Entertainment > Music"
"1540622245-595","https://www.snapnames.com/store/Daily-Deals.action?sid=1540620071791","misscareers.com","https://www.snapnames.com/domain/misscareers.com.action","misscareers.com","People > People"
"1540622266-601","https://www.snapnames.com/store/Daily-Deals.action?sid=1540620071791","metashoppe.com","https://www.snapnames.com/domain/metashoppe.com.action","metashoppe.com","Shopping > Shopping"
"1540622066-537","https://www.snapnames.com/store/Daily-Deals.action?sid=1540620071791","paybaron.com","https://www.snapnames.com/domain/paybaron.com.action","paybaron.com","People > People"
"1540623534-1005","https://www.snapnames.com/store/Daily-Deals.action?sid=1540620071791","agilebazaar.com","https://www.snapnames.com/domain/agilebazaar.com.action","agilebazaar.com","Shopping > Shopping"
"1540623142-884","https://www.snapnames.com/store/Daily-Deals.action?sid=1540620071791","colastudy.com","https://www.snapnames.com/domain/colastudy.com.action","colastudy.com","ScienceAndEducation > Education"
"1540623111-874","https://www.snapnames.com/store/Daily-Deals.action?sid=1540620071791","cowpanel.com","https://www.snapnames.com/domain/cowpanel.com.action","cowpanel.com","PlantsAndAnimals > Animals"
"1540623007-840","https://www.snapnames.com/store/Daily-Deals.action?sid=1540620071791","dishbroker.com","https://www.snapnames.com/domain/dishbroker.com.action","dishbroker.com","HomeAndGarden > Realestate"
"1540622795-772","https://www.snapnames.com/store/Daily-Deals.action?sid=1540620071791","flagcareer.com","https://www.snapnames.com/domain/flagcareer.com.action","flagcareer.com","Business > Work"
"1540623190-899","https://www.snapnames.com/store/Daily-Deals.action?sid=1540620071791","ceoops.com","https://www.snapnames.com/domain/ceoops.com.action","ceoops.com","Business > Business"
"1540622520-683","https://www.snapnames.com/store/Daily-Deals.action?sid=1540620071791","jabburger.com","https://www.snapnames.com/domain/jabburger.com.action","jabburger.com","FoodAndDrink > Food"
"1540622985-833","https://www.snapnames.com/store/Daily-Deals.action?sid=1540620071791","docdenim.com","https://www.snapnames.com/domain/docdenim.com.action","docdenim.com","ClothingAndAccessories > Clothing"
"1540623413-970","https://www.snapnames.com/store/Daily-Deals.action?sid=1540620071791","autosspot.com","https://www.snapnames.com/domain/autosspot.com.action","autosspot.com","Transportation > Auto"
"1540622140-561","https://www.snapnames.com/store/Daily-Deals.action?sid=1540620071791","nomutt.com","https://www.snapnames.com/domain/nomutt.com.action","nomutt.com","PlantsAndAnimals > Dogs"
"1540622302-612","https://www.snapnames.com/store/Daily-Deals.action?sid=1540620071791","mayottejobs.com","https://www.snapnames.com/domain/mayottejobs.com.action","mayottejobs.com","Business > Work"
"1540622271-602","https://www.snapnames.com/store/Daily-Deals.action?sid=1540620071791","metacelebrity.com","https://www.snapnames.com/domain/metacelebrity.com.action","metacelebrity.com","Entertainment > Entertainment"
"1540623323-942","https://www.snapnames.com/store/Daily-Deals.action?sid=1540620071791","boom21.com","https://www.snapnames.com/domain/boom21.com.action","boom21.com","null"
"1540623077-863","https://www.snapnames.com/store/Daily-Deals.action?sid=1540620071791","czechrepublicland.com","https://www.snapnames.com/domain/czechrepublicland.com.action","czechrepublicland.com","Geo > Country"
"1540622486-672","https://www.snapnames.com/store/Daily-Deals.action?sid=1540620071791","jikej.com","https://www.snapnames.com/domain/jikej.com.action","jikej.com","null"
"1540622627-717","https://www.snapnames.com/store/Daily-Deals.action?sid=1540620071791","healthrue.com","https://www.snapnames.com/domain/healthrue.com.action","healthrue.com","Health > Health"
"1540622614-713","https://www.snapnames.com/store/Daily-Deals.action?sid=1540620071791","hellsavings.com","https://www.snapnames.com/domain/hellsavings.com.action","hellsavings.com","Finance > Finance"
"1540622224-588","https://www.snapnames.com/store/Daily-Deals.action?sid=1540620071791","mugcareer.com","https://www.snapnames.com/domain/mugcareer.com.action","mugcareer.com","Business > Work"
"1540622832-784","https://www.snapnames.com/store/Daily-Deals.action?sid=1540620071791","fasteredu.com","https://www.snapnames.com/domain/fasteredu.com.action","fasteredu.com","ScienceAndEducation > Education"
"1540622308-614","https://www.snapnames.com/store/Daily-Deals.action?sid=1540620071791","mayakiosk.com","https://www.snapnames.com/domain/mayakiosk.com.action","mayakiosk.com","Shopping > Shopping"
"1540622251-597","https://www.snapnames.com/store/Daily-Deals.action?sid=1540620071791","minepug.com","https://www.snapnames.com/domain/minepug.com.action","minepug.com","PlantsAndAnimals > Dogs"
"1540622345-626","https://www.snapnames.com/store/Daily-Deals.action?sid=1540620071791","maldivesland.com","https://www.snapnames.com/domain/maldivesland.com.action","maldivesland.com","Geo > Country"
"1540622942-819","https://www.snapnames.com/store/Daily-Deals.action?sid=1540620071791","earthcpu.com","https://www.snapnames.com/domain/earthcpu.com.action","earthcpu.com","Technology > Computers"
"1540622465-665","https://www.snapnames.com/store/Daily-Deals.action?sid=1540620071791","keycoaches.com","https://www.snapnames.com/domain/keycoaches.com.action","keycoaches.com","Sports > Sports"
"1540622777-766","https://www.snapnames.com/store/Daily-Deals.action?sid=1540620071791","fontanarealest[...].com","https://www.snapnames.com/domain/fontanarealestateagents.com.action","fontanarealestateagents.com","null"
"1540623262-922","https://www.snapnames.com/store/Daily-Deals.action?sid=1540620071791","bygoat.com","https://www.snapnames.com/domain/bygoat.com.action","bygoat.com","PlantsAndAnimals > Animals"
"1540622348-627","https://www.snapnames.com/store/Daily-Deals.action?sid=1540620071791","mailorder-steaks.com","https://www.snapnames.com/domain/mailorder-steaks.com.action","mailorder-steaks.com","null"
"1540622379-637","https://www.snapnames.com/store/Daily-Deals.action?sid=1540620071791","logovolt.com","https://www.snapnames.com/domain/logovolt.com.action","logovolt.com","ScienceAndEducation > Electricity"
"1540623199-902","https://www.snapnames.com/store/Daily-Deals.action?sid=1540620071791","ceild.com","https://www.snapnames.com/domain/ceild.com.action","ceild.com","null"
"1540622611-712","https://www.snapnames.com/store/Daily-Deals.action?sid=1540620071791","heplanet.com","https://www.snapnames.com/domain/heplanet.com.action","heplanet.com","ScienceAndEducation > Space"
"1540622363-632","https://www.snapnames.com/store/Daily-Deals.action?sid=1540620071791","lvend.com","https://www.snapnames.com/domain/lvend.com.action","lvend.com","null"
"1540623034-849","https://www.snapnames.com/store/Daily-Deals.action?sid=1540620071791","demondeck.com","https://www.snapnames.com/domain/demondeck.com.action","demondeck.com","HomeAndGarden > Home"
"1540623218-908","https://www.snapnames.com/store/Daily-Deals.action?sid=1540620071791","cashbeans.com","https://www.snapnames.com/domain/cashbeans.com.action","cashbeans.com","Finance > Finance"
"1540622047-531","https://www.snapnames.com/store/Daily-Deals.action?sid=1540620071791","petsdad.com","https://www.snapnames.com/domain/petsdad.com.action","petsdad.com","FamilyAndFriends > Family"
"1540622651-725","https://www.snapnames.com/store/Daily-Deals.action?sid=1540620071791","hackslodge.com","https://www.snapnames.com/domain/hackslodge.com.action","hackslodge.com","Transportation > Travel"
"1540622620-715","https://www.snapnames.com/store/Daily-Deals.action?sid=1540620071791","heartdr.net","https://www.snapnames.com/domain/heartdr.net.action","heartdr.net","Health > Health"
"1540622026-524","https://www.snapnames.com/store/Daily-Deals.action?sid=1540620071791","pickkiosk.com","https://www.snapnames.com/domain/pickkiosk.com.action","pickkiosk.com","Shopping > Shopping"
"1540622712-745","https://www.snapnames.com/store/Daily-Deals.action?sid=1540620071791","game-feeder.com","https://www.snapnames.com/domain/game-feeder.com.action","game-feeder.com","Entertainment > Games"
"1540622593-706","https://www.snapnames.com/store/Daily-Deals.action?sid=1540620071791","hogcareer.com","https://www.snapnames.com/domain/hogcareer.com.action","hogcareer.com","PlantsAndAnimals > Animals"
"1540622817-779","https://www.snapnames.com/store/Daily-Deals.action?sid=1540620071791","filmsvc.com","https://www.snapnames.com/domain/filmsvc.com.action","filmsvc.com","Finance > Finance"
"1540622032-526","https://www.snapnames.com/store/Daily-Deals.action?sid=1540620071791","phonedelta.com","https://www.snapnames.com/domain/phonedelta.com.action","phonedelta.com","Communication > Phone"
"1540622887-801","https://www.snapnames.com/store/Daily-Deals.action?sid=1540620071791","envirohair.com","https://www.snapnames.com/domain/envirohair.com.action","envirohair.com","Health > Beauty"
"1540622507-679","https://www.snapnames.com/store/Daily-Deals.action?sid=1540620071791","janfax.com","https://www.snapnames.com/domain/janfax.com.action","janfax.com","null"
"1540622016-521","https://www.snapnames.com/store/Daily-Deals.action?sid=1540620071791","pillmeals.com","https://www.snapnames.com/domain/pillmeals.com.action","pillmeals.com","FoodAndDrink > Food"
"1540622382-638","https://www.snapnames.com/store/Daily-Deals.action?sid=1540620071791","localizes.net","https://www.snapnames.com/domain/localizes.net.action","localizes.net","null"
"1540622153-565","https://www.snapnames.com/store/Daily-Deals.action?sid=1540620071791","nexusbed.com","https://www.snapnames.com/domain/nexusbed.com.action","nexusbed.com","HomeAndGarden > Home"
"1540622175-572","https://www.snapnames.com/store/Daily-Deals.action?sid=1540620071791","nerdtype.com","https://www.snapnames.com/domain/nerdtype.com.action","nerdtype.com","People > People"
"1540622666-730","https://www.snapnames.com/store/Daily-Deals.action?sid=1540620071791","grasscow.com","https://www.snapnames.com/domain/grasscow.com.action","grasscow.com","PlantsAndAnimals > Animals"
"1540623086-866","https://www.snapnames.com/store/Daily-Deals.action?sid=1540620071791","ctotop.com","https://www.snapnames.com/domain/ctotop.com.action","ctotop.com","Business > Business"
"1540622202-581","https://www.snapnames.com/store/Daily-Deals.action?sid=1540620071791","namibialand.com","https://www.snapnames.com/domain/namibialand.com.action","namibialand.com","Geo > Country"
"1540622187-576","https://www.snapnames.com/store/Daily-Deals.action?sid=1540620071791","necue.com","https://www.snapnames.com/domain/necue.com.action","necue.com","Geo > StateCode"
"1540623234-913","https://www.snapnames.com/store/Daily-Deals.action?sid=1540620071791","cardiostars.com","https://www.snapnames.com/domain/cardiostars.com.action","cardiostars.com","Health > Health"
"1540623364-954","https://www.snapnames.com/store/Daily-Deals.action?sid=1540620071791","belarusblog.com","https://www.snapnames.com/domain/belarusblog.com.action","belarusblog.com","Technology > Blogs"
"1540622239-593","https://www.snapnames.com/store/Daily-Deals.action?sid=1540620071791","modgulf.com","https://www.snapnames.com/domain/modgulf.com.action","modgulf.com","Locations > Ocean"
"1540622571-699","https://www.snapnames.com/store/Daily-Deals.action?sid=1540620071791","hugemule.com","https://www.snapnames.com/domain/hugemule.com.action","hugemule.com","PlantsAndAnimals > Animals"
"1540622388-640","https://www.snapnames.com/store/Daily-Deals.action?sid=1540620071791","liltutor.com","https://www.snapnames.com/domain/liltutor.com.action","liltutor.com","ScienceAndEducation > Education"
"1540622715-746","https://www.snapnames.com/store/Daily-Deals.action?sid=1540620071791","gambialand.com","https://www.snapnames.com/domain/gambialand.com.action","gambialand.com","Geo > Country"
"1540622654-726","https://www.snapnames.com/store/Daily-Deals.action?sid=1540620071791","gutterplace.com","https://www.snapnames.com/domain/gutterplace.com.action","gutterplace.com","HomeAndGarden > Home"
"1540622156-566","https://www.snapnames.com/store/Daily-Deals.action?sid=1540620071791","newyork-magazine.com","https://www.snapnames.com/domain/newyork-magazine.com.action","newyork-magazine.com","null"
"1540622260-599","https://www.snapnames.com/store/Daily-Deals.action?sid=1540620071791","microsalary.com","https://www.snapnames.com/domain/microsalary.com.action","microsalary.com","Finance > Finance"
"1540622193-578","https://www.snapnames.com/store/Daily-Deals.action?sid=1540620071791","nativemaids.com","https://www.snapnames.com/domain/nativemaids.com.action","nativemaids.com","People > People"
"1540622749-757","https://www.snapnames.com/store/Daily-Deals.action?sid=1540620071791","fremontrealest[...].com","https://www.snapnames.com/domain/fremontrealestateagents.com.action","fremontrealestateagents.com","null"
"1540623447-981","https://www.snapnames.com/store/Daily-Deals.action?sid=1540620071791","arrug.com","https://www.snapnames.com/domain/arrug.com.action","arrug.com","HomeAndGarden > Home"
"1540623293-932","https://www.snapnames.com/store/Daily-Deals.action?sid=1540620071791","brokerbell.com","https://www.snapnames.com/domain/brokerbell.com.action","brokerbell.com","HomeAndGarden > Realestate"
"1540622002-517","https://www.snapnames.com/store/Daily-Deals.action?sid=1540620071791","piracyforum.com","https://www.snapnames.com/domain/piracyforum.com.action","piracyforum.com","null"
"1540622072-539","https://www.snapnames.com/store/Daily-Deals.action?sid=1540620071791","passiverock.com","https://www.snapnames.com/domain/passiverock.com.action","passiverock.com","Entertainment > Music"
"1540622905-807","https://www.snapnames.com/store/Daily-Deals.action?sid=1540620071791","elsalvadorblog.com","https://www.snapnames.com/domain/elsalvadorblog.com.action","elsalvadorblog.com","Technology > Blogs"
"1540622227-589","https://www.snapnames.com/store/Daily-Deals.action?sid=1540620071791","mryour.com","https://www.snapnames.com/domain/mryour.com.action","mryour.com","People > People"
"1540623373-957","https://www.snapnames.com/store/Daily-Deals.action?sid=1540620071791","bedchats.com","https://www.snapnames.com/domain/bedchats.com.action","bedchats.com","HomeAndGarden > Home"
"1540622700-741","https://www.snapnames.com/store/Daily-Deals.action?sid=1540620071791","gentle-girls.com","https://www.snapnames.com/domain/gentle-girls.com.action","gentle-girls.com","People > People"
"1540622798-773","https://www.snapnames.com/store/Daily-Deals.action?sid=1540620071791","fitnessfoam.com","https://www.snapnames.com/domain/fitnessfoam.com.action","fitnessfoam.com","Health > Health"
"1540622242-594","https://www.snapnames.com/store/Daily-Deals.action?sid=1540620071791","mocei.com","https://www.snapnames.com/domain/mocei.com.action","mocei.com","null"
"1540622452-661","https://www.snapnames.com/store/Daily-Deals.action?sid=1540620071791","kiribatihotel.com","https://www.snapnames.com/domain/kiribatihotel.com.action","kiribatihotel.com","Transportation > Travel"
"1540622190-577","https://www.snapnames.com/store/Daily-Deals.action?sid=1540620071791","nectarvc.com","https://www.snapnames.com/domain/nectarvc.com.action","nectarvc.com","Finance > Finance"
"1540622428-653","https://www.snapnames.com/store/Daily-Deals.action?sid=1540620071791","lambtrek.com","https://www.snapnames.com/domain/lambtrek.com.action","lambtrek.com","PlantsAndAnimals > Animals"
"1540623129-880","https://www.snapnames.com/store/Daily-Deals.action?sid=1540620071791","cooldivas.com","https://www.snapnames.com/domain/cooldivas.com.action","cooldivas.com","People > People"
"1540622951-822","https://www.snapnames.com/store/Daily-Deals.action?sid=1540620071791","dslship.com","https://www.snapnames.com/domain/dslship.com.action","dslship.com","Technology > Internet"
"1540623326-943","https://www.snapnames.com/store/Daily-Deals.action?sid=1540620071791","booksalsa.com","https://www.snapnames.com/domain/booksalsa.com.action","booksalsa.com","FoodAndDrink > Food"
"1540622446-659","https://www.snapnames.com/store/Daily-Deals.action?sid=1540620071791","kosherbits.com","https://www.snapnames.com/domain/kosherbits.com.action","kosherbits.com","FoodAndDrink > Food"
"1540622233-591","https://www.snapnames.com/store/Daily-Deals.action?sid=1540620071791","morenovalleych[...].com","https://www.snapnames.com/domain/morenovalleychiropractors.com.action","morenovalleychiropractors.com","null"
"1540622136-560","https://www.snapnames.com/store/Daily-Deals.action?sid=1540620071791","nordiccloset.com","https://www.snapnames.com/domain/nordiccloset.com.action","nordiccloset.com","HomeAndGarden > Home"
"1540622096-547","https://www.snapnames.com/store/Daily-Deals.action?sid=1540620071791","onlinephotoframes.com","https://www.snapnames.com/domain/onlinephotoframes.com.action","onlinephotoframes.com","Technology > Internet"
"1540622553-694","https://www.snapnames.com/store/Daily-Deals.action?sid=1540620071791","ijote.com","https://www.snapnames.com/domain/ijote.com.action","ijote.com","null"
"1540622011-520","https://www.snapnames.com/store/Daily-Deals.action?sid=1540620071791","pillowapps.com","https://www.snapnames.com/domain/pillowapps.com.action","pillowapps.com","HomeAndGarden > Home"
"1540622022-523","https://www.snapnames.com/store/Daily-Deals.action?sid=1540620071791","pickuppod.com","https://www.snapnames.com/domain/pickuppod.com.action","pickuppod.com","Transportation > Auto"
"1540623206-904","https://www.snapnames.com/store/Daily-Deals.action?sid=1540620071791","cdfresh.com","https://www.snapnames.com/domain/cdfresh.com.action","cdfresh.com","Entertainment > Music"
"1540622765-762","https://www.snapnames.com/store/Daily-Deals.action?sid=1540620071791","formworm.com","https://www.snapnames.com/domain/formworm.com.action","formworm.com","PlantsAndAnimals > Animals"
"1540623311-938","https://www.snapnames.com/store/Daily-Deals.action?sid=1540620071791","botswanaland.com","https://www.snapnames.com/domain/botswanaland.com.action","botswanaland.com","Geo > Country"
"1540622939-818","https://www.snapnames.com/store/Daily-Deals.action?sid=1540620071791","easttimorblog.com","https://www.snapnames.com/domain/easttimorblog.com.action","easttimorblog.com","Technology > Blogs"
"1540623037-850","https://www.snapnames.com/store/Daily-Deals.action?sid=1540620071791","degreerocks.com","https://www.snapnames.com/domain/degreerocks.com.action","degreerocks.com","ScienceAndEducation > Education"
"1540622133-559","https://www.snapnames.com/store/Daily-Deals.action?sid=1540620071791","northdakotaphotos.com","https://www.snapnames.com/domain/northdakotaphotos.com.action","northdakotaphotos.com","Arts > Photo"
"1540623524-1002","https://www.snapnames.com/store/Daily-Deals.action?sid=1540620071791","albumexpo.com","https://www.snapnames.com/domain/albumexpo.com.action","albumexpo.com","Entertainment > Music"
"1540622725-749","https://www.snapnames.com/store/Daily-Deals.action?sid=1540620071791","fyibbq.com","https://www.snapnames.com/domain/fyibbq.com.action","fyibbq.com","FoodAndDrink > Food"
"1540623290-931","https://www.snapnames.com/store/Daily-Deals.action?sid=1540620071791","budgetsos.com","https://www.snapnames.com/domain/budgetsos.com.action","budgetsos.com","Finance > Finance"
"1540622734-752","https://www.snapnames.com/store/Daily-Deals.action?sid=1540620071791","ftpmare.com","https://www.snapnames.com/domain/ftpmare.com.action","ftpmare.com","Technology > Internet"
"1540622605-710","https://www.snapnames.com/store/Daily-Deals.action?sid=1540620071791","herbpuff.com","https://www.snapnames.com/domain/herbpuff.com.action","herbpuff.com","Health > Health"
"1540622881-799","https://www.snapnames.com/store/Daily-Deals.action?sid=1540620071791","equitybible.com","https://www.snapnames.com/domain/equitybible.com.action","equitybible.com","Finance > Finance"
"1540622682-735","https://www.snapnames.com/store/Daily-Deals.action?sid=1540620071791","global-mba.net","https://www.snapnames.com/domain/global-mba.net.action","global-mba.net","Business > Business"
"1540622327-620","https://www.snapnames.com/store/Daily-Deals.action?sid=1540620071791","martiniqueland.com","https://www.snapnames.com/domain/martiniqueland.com.action","martiniqueland.com","Geo > Country"
"1540622930-815","https://www.snapnames.com/store/Daily-Deals.action?sid=1540620071791","ecgdjs.com","https://www.snapnames.com/domain/ecgdjs.com.action","ecgdjs.com","Health > Medical"
"1540622685-736","https://www.snapnames.com/store/Daily-Deals.action?sid=1540620071791","gingermap.com","https://www.snapnames.com/domain/gingermap.com.action","gingermap.com","FoodAndDrink > Food"
"1540622172-571","https://www.snapnames.com/store/Daily-Deals.action?sid=1540620071791","nesht.com","https://www.snapnames.com/domain/nesht.com.action","nesht.com","null"
"1540622330-621","https://www.snapnames.com/store/Daily-Deals.action?sid=1540620071791","marshallislandsjobs.com","https://www.snapnames.com/domain/marshallislandsjobs.com.action","marshallislandsjobs.com","Business > Work"
"1540623358-952","https://www.snapnames.com/store/Daily-Deals.action?sid=1540620071791","betsdiary.com","https://www.snapnames.com/domain/betsdiary.com.action","betsdiary.com","Entertainment > Gambling"
"1540622982-832","https://www.snapnames.com/store/Daily-Deals.action?sid=1540620071791","dogsvoyage.com","https://www.snapnames.com/domain/dogsvoyage.com.action","dogsvoyage.com","Transportation > Travel"
"1540622599-708","https://www.snapnames.com/store/Daily-Deals.action?sid=1540620071791","hlier.com","https://www.snapnames.com/domain/hlier.com.action","hlier.com","null"
"1540623120-877","https://www.snapnames.com/store/Daily-Deals.action?sid=1540620071791","countryiv.com","https://www.snapnames.com/domain/countryiv.com.action","countryiv.com","Health > Medical"
"1540623202-903","https://www.snapnames.com/store/Daily-Deals.action?sid=1540620071791","cdsdesk.com","https://www.snapnames.com/domain/cdsdesk.com.action","cdsdesk.com","Entertainment > Music"
"1540622673-732","https://www.snapnames.com/store/Daily-Deals.action?sid=1540620071791","gourmetfoodfactory.com","https://www.snapnames.com/domain/gourmetfoodfactory.com.action","gourmetfoodfactory.com","FoodAndDrink > Food"
"1540622737-753","https://www.snapnames.com/store/Daily-Deals.action?sid=1540620071791","ftplock.com","https://www.snapnames.com/domain/ftplock.com.action","ftplock.com","Technology > Internet"
"1540622902-806","https://www.snapnames.com/store/Daily-Deals.action?sid=1540620071791","emailhammer.com","https://www.snapnames.com/domain/emailhammer.com.action","emailhammer.com","Technology > Internet"
"1540622278-604","https://www.snapnames.com/store/Daily-Deals.action?sid=1540620071791","medpirates.com","https://www.snapnames.com/domain/medpirates.com.action","medpirates.com","null"
"1540622584-703","https://www.snapnames.com/store/Daily-Deals.action?sid=1540620071791","homeshay.com","https://www.snapnames.com/domain/homeshay.com.action","homeshay.com","HomeAndGarden > Home"
"1540622121-555","https://www.snapnames.com/store/Daily-Deals.action?sid=1540620071791","nukepixel.com","https://www.snapnames.com/domain/nukepixel.com.action","nukepixel.com","Society > Military"
"1540622236-592","https://www.snapnames.com/store/Daily-Deals.action?sid=1540620071791","moldovaland.com","https://www.snapnames.com/domain/moldovaland.com.action","moldovaland.com","Geo > Country"
"1540623428-975","https://www.snapnames.com/store/Daily-Deals.action?sid=1540620071791","atstadium.com","https://www.snapnames.com/domain/atstadium.com.action","atstadium.com","Sports > Sports"
"1540622323-619","https://www.snapnames.com/store/Daily-Deals.action?sid=1540620071791","martjazz.com","https://www.snapnames.com/domain/martjazz.com.action","martjazz.com","Entertainment > Music"
"1540622373-635","https://www.snapnames.com/store/Daily-Deals.action?sid=1540620071791","lowcostguides.com","https://www.snapnames.com/domain/lowcostguides.com.action","lowcostguides.com","Shopping > Shopping"
"1540623537-1006","https://www.snapnames.com/store/Daily-Deals.action?sid=1540620071791","agdownload.com","https://www.snapnames.com/domain/agdownload.com.action","agdownload.com","Technology > Internet"
"1540623221-909","https://www.snapnames.com/store/Daily-Deals.action?sid=1540620071791","carscab.com","https://www.snapnames.com/domain/carscab.com.action","carscab.com","Transportation > Transportation"
"1540621999-516","https://www.snapnames.com/store/Daily-Deals.action?sid=1540620071791","pitooth.com","https://www.snapnames.com/domain/pitooth.com.action","pitooth.com","null"
"1540622728-750","https://www.snapnames.com/store/Daily-Deals.action?sid=1540620071791","funpetgames.com","https://www.snapnames.com/domain/funpetgames.com.action","funpetgames.com","null"
"1540622823-781","https://www.snapnames.com/store/Daily-Deals.action?sid=1540620071791","feedbat.com","https://www.snapnames.com/domain/feedbat.com.action","feedbat.com","Sports > Sports"
"1540623432-976","https://www.snapnames.com/store/Daily-Deals.action?sid=1540620071791","astromuscle.com","https://www.snapnames.com/domain/astromuscle.com.action","astromuscle.com","Health > Health"
"1540622863-794","https://www.snapnames.com/store/Daily-Deals.action?sid=1540620071791","exbelt.com","https://www.snapnames.com/domain/exbelt.com.action","exbelt.com","FamilyAndFriends > Family"
"1540623231-912","https://www.snapnames.com/store/Daily-Deals.action?sid=1540620071791","carelyrics.com","https://www.snapnames.com/domain/carelyrics.com.action","carelyrics.com","Entertainment > Music"
"1540623352-950","https://www.snapnames.com/store/Daily-Deals.action?sid=1540620071791","billionip.com","https://www.snapnames.com/domain/billionip.com.action","billionip.com","Technology > Internet"
"1540623225-910","https://www.snapnames.com/store/Daily-Deals.action?sid=1540620071791","carrentalcoupons.net","https://www.snapnames.com/domain/carrentalcoupons.net.action","carrentalcoupons.net","Shopping > Shopping"
"1540623172-893","https://www.snapnames.com/store/Daily-Deals.action?sid=1540620071791","chiliport.com","https://www.snapnames.com/domain/chiliport.com.action","chiliport.com","FoodAndDrink > Food"
"1540622440-657","https://www.snapnames.com/store/Daily-Deals.action?sid=1540620071791","laborathome.com","https://www.snapnames.com/domain/laborathome.com.action","laborathome.com","HomeAndGarden > Home"
"1540622498-676","https://www.snapnames.com/store/Daily-Deals.action?sid=1540620071791","jewelrybyte.com","https://www.snapnames.com/domain/jewelrybyte.com.action","jewelrybyte.com","Technology > Tech"
"1540622648-724","https://www.snapnames.com/store/Daily-Deals.action?sid=1540620071791","hackteach.net","https://www.snapnames.com/domain/hackteach.net.action","hackteach.net","ScienceAndEducation > Education"
"1540622896-804","https://www.snapnames.com/store/Daily-Deals.action?sid=1540620071791","embedded-computer.com","https://www.snapnames.com/domain/embedded-computer.com.action","embedded-computer.com","Technology > Computers"
"1540622547-692","https://www.snapnames.com/store/Daily-Deals.action?sid=1540620071791","incrediblebutterfly.com","https://www.snapnames.com/domain/incrediblebutterfly.com.action","incrediblebutterfly.com","PlantsAndAnimals > Insects"
"1540622035-527","https://www.snapnames.com/store/Daily-Deals.action?sid=1540620071791","phonecharter.com","https://www.snapnames.com/domain/phonecharter.com.action","phonecharter.com","null"
"1540623089-867","https://www.snapnames.com/store/Daily-Deals.action?sid=1540620071791","ctollc.com","https://www.snapnames.com/domain/ctollc.com.action","ctollc.com","Business > Business"
"1540623398-965","https://www.snapnames.com/store/Daily-Deals.action?sid=1540620071791","bankbout.com","https://www.snapnames.com/domain/bankbout.com.action","bankbout.com","Finance > Finance"
"1540622857-792","https://www.snapnames.com/store/Daily-Deals.action?sid=1540620071791","expressiveness.net","https://www.snapnames.com/domain/expressiveness.net.action","expressiveness.net","null"
"1540623196-901","https://www.snapnames.com/store/Daily-Deals.action?sid=1540620071791","cellrpg.com","https://www.snapnames.com/domain/cellrpg.com.action","cellrpg.com","Entertainment > Games"
"1540622838-786","https://www.snapnames.com/store/Daily-Deals.action?sid=1540620071791","fancytickets.com","https://www.snapnames.com/domain/fancytickets.com.action","fancytickets.com","Entertainment > Entertainment"
"1540623337-945","https://www.snapnames.com/store/Daily-Deals.action?sid=1540620071791","boardwatchforum.com","https://www.snapnames.com/domain/boardwatchforum.com.action","boardwatchforum.com","null"
"1540623370-956","https://www.snapnames.com/store/Daily-Deals.action?sid=1540620071791","bedmeets.com","https://www.snapnames.com/domain/bedmeets.com.action","bedmeets.com","HomeAndGarden > Home"
"1540622694-739","https://www.snapnames.com/store/Daily-Deals.action?sid=1540620071791","ghamt.com","https://www.snapnames.com/domain/ghamt.com.action","ghamt.com","null"
"1540622645-723","https://www.snapnames.com/store/Daily-Deals.action?sid=1540620071791","hallworm.com","https://www.snapnames.com/domain/hallworm.com.action","hallworm.com","PlantsAndAnimals > Animals"
"1540622657-727","https://www.snapnames.com/store/Daily-Deals.action?sid=1540620071791","guessthecelebrity.com","https://www.snapnames.com/domain/guessthecelebrity.com.action","guessthecelebrity.com","Entertainment > Entertainment"
"1540622038-528","https://www.snapnames.com/store/Daily-Deals.action?sid=1540620071791","phdgator.com","https://www.snapnames.com/domain/phdgator.com.action","phdgator.com","ScienceAndEducation > Education"
"1540623114-875","https://www.snapnames.com/store/Daily-Deals.action?sid=1540620071791","courtsrv.com","https://www.snapnames.com/domain/courtsrv.com.action","courtsrv.com","Transportation > Travel"
"1540622743-755","https://www.snapnames.com/store/Daily-Deals.action?sid=1540620071791","fteer.com","https://www.snapnames.com/domain/fteer.com.action","fteer.com","null"
"1540622529-686","https://www.snapnames.com/store/Daily-Deals.action?sid=1540620071791","internetgiftshop.net","https://www.snapnames.com/domain/internetgiftshop.net.action","internetgiftshop.net","Shopping > Shopping"
"1540622844-788","https://www.snapnames.com/store/Daily-Deals.action?sid=1540620071791","falklandisland[...].com","https://www.snapnames.com/domain/falklandislandshotel.com.action","falklandislandshotel.com","Transportation > Travel"
"1540622184-575","https://www.snapnames.com/store/Daily-Deals.action?sid=1540620071791","neomgmt.com","https://www.snapnames.com/domain/neomgmt.com.action","neomgmt.com","Business > Business"
"1540622263-600","https://www.snapnames.com/store/Daily-Deals.action?sid=1540620071791","metrichoney.com","https://www.snapnames.com/domain/metrichoney.com.action","metrichoney.com","FoodAndDrink > Food"
"1540622514-681","https://www.snapnames.com/store/Daily-Deals.action?sid=1540620071791","jagshark.com","https://www.snapnames.com/domain/jagshark.com.action","jagshark.com","PlantsAndAnimals > Animals"
"1540623050-854","https://www.snapnames.com/store/Daily-Deals.action?sid=1540620071791","deck-furniture.com","https://www.snapnames.com/domain/deck-furniture.com.action","deck-furniture.com","HomeAndGarden > Home"
"1540622954-823","https://www.snapnames.com/store/Daily-Deals.action?sid=1540620071791","drugspam.com","https://www.snapnames.com/domain/drugspam.com.action","drugspam.com","null"
"1540622212-584","https://www.snapnames.com/store/Daily-Deals.action?sid=1540620071791","mvpjourney.com","https://www.snapnames.com/domain/mvpjourney.com.action","mvpjourney.com","Transportation > Travel"
"1540622159-567","https://www.snapnames.com/store/Daily-Deals.action?sid=1540620071791","newdimensionss[...].com","https://www.snapnames.com/domain/newdimensionssurgery.com.action","newdimensionssurgery.com","Health > Medical"
"1540622385-639","https://www.snapnames.com/store/Daily-Deals.action?sid=1540620071791","loanbop.com","https://www.snapnames.com/domain/loanbop.com.action","loanbop.com","Finance > Lending"
"1540622884-800","https://www.snapnames.com/store/Daily-Deals.action?sid=1540620071791","equatorialguin[...].com","https://www.snapnames.com/domain/equatorialguineablog.com.action","equatorialguineablog.com","Technology > Blogs"
"1540623518-1000","https://www.snapnames.com/store/Daily-Deals.action?sid=1540620071791","allegiancecable.com","https://www.snapnames.com/domain/allegiancecable.com.action","allegiancecable.com","null"
"1540623132-881","https://www.snapnames.com/store/Daily-Deals.action?sid=1540620071791","cookssalt.com","https://www.snapnames.com/domain/cookssalt.com.action","cookssalt.com","null"
"1540622483-671","https://www.snapnames.com/store/Daily-Deals.action?sid=1540620071791","jikek.com","https://www.snapnames.com/domain/jikek.com.action","jikek.com","null"
"1540622041-529","https://www.snapnames.com/store/Daily-Deals.action?sid=1540620071791","pharmaband.com","https://www.snapnames.com/domain/pharmaband.com.action","pharmaband.com","Entertainment > Music"
"1540623392-963","https://www.snapnames.com/store/Daily-Deals.action?sid=1540620071791","baysdisk.com","https://www.snapnames.com/domain/baysdisk.com.action","baysdisk.com","Technology > Tech"
"1540622054-533","https://www.snapnames.com/store/Daily-Deals.action?sid=1540620071791","pepsheet.com","https://www.snapnames.com/domain/pepsheet.com.action","pepsheet.com","HomeAndGarden > Home"
"1540622783-768","https://www.snapnames.com/store/Daily-Deals.action?sid=1540620071791","fluxjob.com","https://www.snapnames.com/domain/fluxjob.com.action","fluxjob.com","Business > Work"
"1540622471-667","https://www.snapnames.com/store/Daily-Deals.action?sid=1540620071791","junlending.com","https://www.snapnames.com/domain/junlending.com.action","junlending.com","null"
"1540622287-607","https://www.snapnames.com/store/Daily-Deals.action?sid=1540620071791","medgecko.com","https://www.snapnames.com/domain/medgecko.com.action","medgecko.com","Health > Health"
"1540622468-666","https://www.snapnames.com/store/Daily-Deals.action?sid=1540620071791","just-politics.com","https://www.snapnames.com/domain/just-politics.com.action","just-politics.com","Society > Politics"
"1540623046-853","https://www.snapnames.com/store/Daily-Deals.action?sid=1540620071791","decorsafari.com","https://www.snapnames.com/domain/decorsafari.com.action","decorsafari.com","Transportation > Travel"
"1540622991-835","https://www.snapnames.com/store/Daily-Deals.action?sid=1540620071791","dnasell.com","https://www.snapnames.com/domain/dnasell.com.action","dnasell.com","Shopping > Shopping"
"1540622208-583","https://www.snapnames.com/store/Daily-Deals.action?sid=1540620071791","nailsloft.com","https://www.snapnames.com/domain/nailsloft.com.action","nailsloft.com","HomeAndGarden > Realestate"
"1540622752-758","https://www.snapnames.com/store/Daily-Deals.action?sid=1540620071791","fotogaming.com","https://www.snapnames.com/domain/fotogaming.com.action","fotogaming.com","Entertainment > Games"
"1540622914-810","https://www.snapnames.com/store/Daily-Deals.action?sid=1540620071791","egute.com","https://www.snapnames.com/domain/egute.com.action","egute.com","null"
"1540622679-734","https://www.snapnames.com/store/Daily-Deals.action?sid=1540620071791","goinq.com","https://www.snapnames.com/domain/goinq.com.action","goinq.com","null"
"1540623187-898","https://www.snapnames.com/store/Daily-Deals.action?sid=1540620071791","championdns.com","https://www.snapnames.com/domain/championdns.com.action","championdns.com","Technology > Internet"
"1540623422-973","https://www.snapnames.com/store/Daily-Deals.action?sid=1540620071791","auctiongourmet.com","https://www.snapnames.com/domain/auctiongourmet.com.action","auctiongourmet.com","FoodAndDrink > Food"
"1540621996-515","https://www.snapnames.com/store/Daily-Deals.action?sid=1540620071791","pixpine.com","https://www.snapnames.com/domain/pixpine.com.action","pixpine.com","PlantsAndAnimals > Trees"
"1540622103-549","https://www.snapnames.com/store/Daily-Deals.action?sid=1540620071791","olivecares.com","https://www.snapnames.com/domain/olivecares.com.action","olivecares.com","FoodAndDrink > Food"
"1540622893-803","https://www.snapnames.com/store/Daily-Deals.action?sid=1540620071791","endhat.com","https://www.snapnames.com/domain/endhat.com.action","endhat.com","ClothingAndAccessories > Clothing"
"1540623277-927","https://www.snapnames.com/store/Daily-Deals.action?sid=1540620071791","bulkbytes.com","https://www.snapnames.com/domain/bulkbytes.com.action","bulkbytes.com","Technology > Tech"
"1540623450-982","https://www.snapnames.com/store/Daily-Deals.action?sid=1540620071791","armscareer.com","https://www.snapnames.com/domain/armscareer.com.action","armscareer.com","Business > Work"
"1540622964-826","https://www.snapnames.com/store/Daily-Deals.action?sid=1540620071791","dorkdocs.com","https://www.snapnames.com/domain/dorkdocs.com.action","dorkdocs.com","People > People"
"1540622535-688","https://www.snapnames.com/store/Daily-Deals.action?sid=1540620071791","international-[...].com","https://www.snapnames.com/domain/international-accident.com.action","international-accident.com","null"
"1540622639-721","https://www.snapnames.com/store/Daily-Deals.action?sid=1540620071791","haseal.com","https://www.snapnames.com/domain/haseal.com.action","haseal.com","PlantsAndAnimals > Animals"
"1540623494-992","https://www.snapnames.com/store/Daily-Deals.action?sid=1540620071791","antiguabarbudablog.com","https://www.snapnames.com/domain/antiguabarbudablog.com.action","antiguabarbudablog.com","Geo > Country"
"1540622560-696","https://www.snapnames.com/store/Daily-Deals.action?sid=1540620071791","idealprof.com","https://www.snapnames.com/domain/idealprof.com.action","idealprof.com","ScienceAndEducation > Education"
"1540623175-894","https://www.snapnames.com/store/Daily-Deals.action?sid=1540620071791","childbeat.com","https://www.snapnames.com/domain/childbeat.com.action","childbeat.com","FamilyAndFriends > Child"
"1540622474-668","https://www.snapnames.com/store/Daily-Deals.action?sid=1540620071791","jpett.com","https://www.snapnames.com/domain/jpett.com.action","jpett.com","null"
"1540623019-844","https://www.snapnames.com/store/Daily-Deals.action?sid=1540620071791","digitmint.com","https://www.snapnames.com/domain/digitmint.com.action","digitmint.com","Technology > Tech"
"1540623016-843","https://www.snapnames.com/store/Daily-Deals.action?sid=1540620071791","dimwallet.com","https://www.snapnames.com/domain/dimwallet.com.action","dimwallet.com","ClothingAndAccessories > Clothing"
"1540623096-869","https://www.snapnames.com/store/Daily-Deals.action?sid=1540620071791","crophouses.com","https://www.snapnames.com/domain/crophouses.com.action","crophouses.com","HomeAndGarden > Home"
"1540622069-538","https://www.snapnames.com/store/Daily-Deals.action?sid=1540620071791","pathkid.com","https://www.snapnames.com/domain/pathkid.com.action","pathkid.com","FamilyAndFriends > Child"
"1540623320-941","https://www.snapnames.com/store/Daily-Deals.action?sid=1540620071791","boomwig.com","https://www.snapnames.com/domain/boomwig.com.action","boomwig.com","Health > Beauty"
"1540623093-868","https://www.snapnames.com/store/Daily-Deals.action?sid=1540620071791","crowdego.com","https://www.snapnames.com/domain/crowdego.com.action","crowdego.com","People > People"
"1540622311-615","https://www.snapnames.com/store/Daily-Deals.action?sid=1540620071791","mayaatm.com","https://www.snapnames.com/domain/mayaatm.com.action","mayaatm.com","Finance > Finance"
"1540623160-890","https://www.snapnames.com/store/Daily-Deals.action?sid=1540620071791","clanpixel.com","https://www.snapnames.com/domain/clanpixel.com.action","clanpixel.com","Technology > Tech"
"1540623488-990","https://www.snapnames.com/store/Daily-Deals.action?sid=1540620071791","appcatering.com","https://www.snapnames.com/domain/appcatering.com.action","appcatering.com","FoodAndDrink > Food"
"1540623080-864","https://www.snapnames.com/store/Daily-Deals.action?sid=1540620071791","cyber-poker.com","https://www.snapnames.com/domain/cyber-poker.com.action","cyber-poker.com","Entertainment > Gambling"
"1540622221-587","https://www.snapnames.com/store/Daily-Deals.action?sid=1540620071791","mugtees.com","https://www.snapnames.com/domain/mugtees.com.action","mugtees.com","Sports > Golf"
"1540622801-774","https://www.snapnames.com/store/Daily-Deals.action?sid=1540620071791","fishingworms.net","https://www.snapnames.com/domain/fishingworms.net.action","fishingworms.net","PlantsAndAnimals > Animals"
"1540622434-655","https://www.snapnames.com/store/Daily-Deals.action?sid=1540620071791","ladpcs.com","https://www.snapnames.com/domain/ladpcs.com.action","ladpcs.com","Technology > Computers"
"1540622676-733","https://www.snapnames.com/store/Daily-Deals.action?sid=1540620071791","goodskiosk.com","https://www.snapnames.com/domain/goodskiosk.com.action","goodskiosk.com","Shopping > Shopping"
"1540623259-921","https://www.snapnames.com/store/Daily-Deals.action?sid=1540620071791","cabanacat.com","https://www.snapnames.com/domain/cabanacat.com.action","cabanacat.com","Transportation > Travel"
"1540622336-623","https://www.snapnames.com/store/Daily-Deals.action?sid=1540620071791","mapstourism.com","https://www.snapnames.com/domain/mapstourism.com.action","mapstourism.com","Transportation > Travel"
"1540622044-530","https://www.snapnames.com/store/Daily-Deals.action?sid=1540620071791","petslime.com","https://www.snapnames.com/domain/petslime.com.action","petslime.com","FoodAndDrink > Food"
"1540622970-828","https://www.snapnames.com/store/Daily-Deals.action?sid=1540620071791","doors-safety.com","https://www.snapnames.com/domain/doors-safety.com.action","doors-safety.com","HomeAndGarden > Home"
"1540623126-879","https://www.snapnames.com/store/Daily-Deals.action?sid=1540620071791","coolrobe.com","https://www.snapnames.com/domain/coolrobe.com.action","coolrobe.com","ClothingAndAccessories > Clothing"
"1540622731-751","https://www.snapnames.com/store/Daily-Deals.action?sid=1540620071791","fundtreat.com","https://www.snapnames.com/domain/fundtreat.com.action","fundtreat.com","Finance > Finance"
"1540622850-790","https://www.snapnames.com/store/Daily-Deals.action?sid=1540620071791","eyephp.com","https://www.snapnames.com/domain/eyephp.com.action","eyephp.com","Technology > Software"
"1540622774-765","https://www.snapnames.com/store/Daily-Deals.action?sid=1540620071791","foodpraise.com","https://www.snapnames.com/domain/foodpraise.com.action","foodpraise.com","FoodAndDrink > Food"
"1540623102-871","https://www.snapnames.com/store/Daily-Deals.action?sid=1540620071791","cpatrial.com","https://www.snapnames.com/domain/cpatrial.com.action","cpatrial.com","Finance > Finance"
"1540622945-820","https://www.snapnames.com/store/Daily-Deals.action?sid=1540620071791","earsmoke.com","https://www.snapnames.com/domain/earsmoke.com.action","earsmoke.com","Health > Health"
"1540622504-678","https://www.snapnames.com/store/Daily-Deals.action?sid=1540620071791","jawcareer.com","https://www.snapnames.com/domain/jawcareer.com.action","jawcareer.com","Health > BodyParts"
"1540622541-690","https://www.snapnames.com/store/Daily-Deals.action?sid=1540620071791","inoffensive.net","https://www.snapnames.com/domain/inoffensive.net.action","inoffensive.net","null"
"1540622608-711","https://www.snapnames.com/store/Daily-Deals.action?sid=1540620071791","hequeen.com","https://www.snapnames.com/domain/hequeen.com.action","hequeen.com","People > People"
"1540623435-977","https://www.snapnames.com/store/Daily-Deals.action?sid=1540620071791","assetdoors.com","https://www.snapnames.com/domain/assetdoors.com.action","assetdoors.com","HomeAndGarden > Home"
"1540622281-605","https://www.snapnames.com/store/Daily-Deals.action?sid=1540620071791","medicaldecks.com","https://www.snapnames.com/domain/medicaldecks.com.action","medicaldecks.com","HomeAndGarden > Home"
"1540623145-885","https://www.snapnames.com/store/Daily-Deals.action?sid=1540620071791","coffeemuscle.com","https://www.snapnames.com/domain/coffeemuscle.com.action","coffeemuscle.com","Health > Health"
"1540622669-731","https://www.snapnames.com/store/Daily-Deals.action?sid=1540620071791","gpsathlete.com","https://www.snapnames.com/domain/gpsathlete.com.action","gpsathlete.com","Sports > Sports"
"1540623193-900","https://www.snapnames.com/store/Daily-Deals.action?sid=1540620071791","ceont.com","https://www.snapnames.com/domain/ceont.com.action","ceont.com","null"
"1540622997-837","https://www.snapnames.com/store/Daily-Deals.action?sid=1540620071791","djiboutiblog.com","https://www.snapnames.com/domain/djiboutiblog.com.action","djiboutiblog.com","Technology > Blogs"
"1540622624-716","https://www.snapnames.com/store/Daily-Deals.action?sid=1540620071791","healthyjaw.com","https://www.snapnames.com/domain/healthyjaw.com.action","healthyjaw.com","Health > Health"
"1540623028-847","https://www.snapnames.com/store/Daily-Deals.action?sid=1540620071791","devlatte.com","https://www.snapnames.com/domain/devlatte.com.action","devlatte.com","FoodAndDrink > Food"
"1540622029-525","https://www.snapnames.com/store/Daily-Deals.action?sid=1540620071791","phpshopping.com","https://www.snapnames.com/domain/phpshopping.com.action","phpshopping.com","Shopping > Shopping"
"1540622166-569","https://www.snapnames.com/store/Daily-Deals.action?sid=1540620071791","netherlandsant[...].com","https://www.snapnames.com/domain/netherlandsantillestravel.com.action","netherlandsantillestravel.com","Transportation > Travel"
"1540623379-959","https://www.snapnames.com/store/Daily-Deals.action?sid=1540620071791","beaugates.com","https://www.snapnames.com/domain/beaugates.com.action","beaugates.com","People > People"
"1540622706-743","https://www.snapnames.com/store/Daily-Deals.action?sid=1540620071791","gemsloft.com","https://www.snapnames.com/domain/gemsloft.com.action","gemsloft.com","HomeAndGarden > Realestate"
"1540623184-897","https://www.snapnames.com/store/Daily-Deals.action?sid=1540620071791","charm-bracelet.com","https://www.snapnames.com/domain/charm-bracelet.com.action","charm-bracelet.com","ClothingAndAccessories > Jewelry"
"1540622860-793","https://www.snapnames.com/store/Daily-Deals.action?sid=1540620071791","exnemesis.com","https://www.snapnames.com/domain/exnemesis.com.action","exnemesis.com","FamilyAndFriends > Family"
"1540623265-923","https://www.snapnames.com/store/Daily-Deals.action?sid=1540620071791","busscam.com","https://www.snapnames.com/domain/busscam.com.action","busscam.com","Transportation > Transportation"
"1540622351-628","https://www.snapnames.com/store/Daily-Deals.action?sid=1540620071791","magnoliabirdfarm.com","https://www.snapnames.com/domain/magnoliabirdfarm.com.action","magnoliabirdfarm.com","null"
"1540622780-767","https://www.snapnames.com/store/Daily-Deals.action?sid=1540620071791","fluxlogo.com","https://www.snapnames.com/domain/fluxlogo.com.action","fluxlogo.com","Arts > Art"
"1540622376-636","https://www.snapnames.com/store/Daily-Deals.action?sid=1540620071791","loodot.com","https://www.snapnames.com/domain/loodot.com.action","loodot.com","HomeAndGarden > Home"
"1540622296-610","https://www.snapnames.com/store/Daily-Deals.action?sid=1540620071791","mealstock.com","https://www.snapnames.com/domain/mealstock.com.action","mealstock.com","FoodAndDrink > Food"
"1540623181-896","https://www.snapnames.com/store/Daily-Deals.action?sid=1540620071791","chartercablein[...].com","https://www.snapnames.com/domain/chartercableinternet.com.action","chartercableinternet.com","Technology > Internet"
"1540622199-580","https://www.snapnames.com/store/Daily-Deals.action?sid=1540620071791","nanomags.com","https://www.snapnames.com/domain/nanomags.com.action","nanomags.com","Entertainment > Reading"
"1540622538-689","https://www.snapnames.com/store/Daily-Deals.action?sid=1540620071791","insurancefortpierce.com","https://www.snapnames.com/domain/insurancefortpierce.com.action","insurancefortpierce.com","null"
"1540623000-838","https://www.snapnames.com/store/Daily-Deals.action?sid=1540620071791","djdecal.com","https://www.snapnames.com/domain/djdecal.com.action","djdecal.com","Entertainment > Music"
"1540622786-769","https://www.snapnames.com/store/Daily-Deals.action?sid=1540620071791","flucash.com","https://www.snapnames.com/domain/flucash.com.action","flucash.com","Finance > Finance"
"1540622936-817","https://www.snapnames.com/store/Daily-Deals.action?sid=1540620071791","eatsindex.com","https://www.snapnames.com/domain/eatsindex.com.action","eatsindex.com","FoodAndDrink > Food"
"1540623296-933","https://www.snapnames.com/store/Daily-Deals.action?sid=1540620071791","brokeran.com","https://www.snapnames.com/domain/brokeran.com.action","brokeran.com","HomeAndGarden > Realestate"
"1540623004-839","https://www.snapnames.com/store/Daily-Deals.action?sid=1540620071791","disksell.com","https://www.snapnames.com/domain/disksell.com.action","disksell.com","Technology > Tech"
"1540623151-887","https://www.snapnames.com/store/Daily-Deals.action?sid=1540620071791","clubgmt.com","https://www.snapnames.com/domain/clubgmt.com.action","clubgmt.com","Entertainment > Entertainment"
"1540622008-519","https://www.snapnames.com/store/Daily-Deals.action?sid=1540620071791","pipall.com","https://www.snapnames.com/domain/pipall.com.action","pipall.com","ScienceAndEducation > Math"
"1540623302-935","https://www.snapnames.com/store/Daily-Deals.action?sid=1540620071791","bratcoin.com","https://www.snapnames.com/domain/bratcoin.com.action","bratcoin.com","Finance > Finance"
"1540622412-648","https://www.snapnames.com/store/Daily-Deals.action?sid=1540620071791","leaderswiki.com","https://www.snapnames.com/domain/leaderswiki.com.action","leaderswiki.com","Technology > Tech"
"1540623456-984","https://www.snapnames.com/store/Daily-Deals.action?sid=1540620071791","aredrive.com","https://www.snapnames.com/domain/aredrive.com.action","aredrive.com","Transportation > Travel"
"1540623543-1008","https://www.snapnames.com/store/Daily-Deals.action?sid=1540620071791","accidentbiz.com","https://www.snapnames.com/domain/accidentbiz.com.action","accidentbiz.com","Business > Business"
"1540623053-855","https://www.snapnames.com/store/Daily-Deals.action?sid=1540620071791","dbroyale.com","https://www.snapnames.com/domain/dbroyale.com.action","dbroyale.com","Technology > Tech"
"1540623247-917","https://www.snapnames.com/store/Daily-Deals.action?sid=1540620071791","camshaven.com","https://www.snapnames.com/domain/camshaven.com.action","camshaven.com","Entertainment > Video"
"1540622563-697","https://www.snapnames.com/store/Daily-Deals.action?sid=1540620071791","hungrystocks.com","https://www.snapnames.com/domain/hungrystocks.com.action","hungrystocks.com","FoodAndDrink > Food"
"1540622431-654","https://www.snapnames.com/store/Daily-Deals.action?sid=1540620071791","ladyac.com","https://www.snapnames.com/domain/ladyac.com.action","ladyac.com","People > People"
"1540622147-563","https://www.snapnames.com/store/Daily-Deals.action?sid=1540620071791","ninetieth.net","https://www.snapnames.com/domain/ninetieth.net.action","ninetieth.net","null"
"1540622415-649","https://www.snapnames.com/store/Daily-Deals.action?sid=1540620071791","lawsdogs.com","https://www.snapnames.com/domain/lawsdogs.com.action","lawsdogs.com","Society > Legal"
"1540622084-543","https://www.snapnames.com/store/Daily-Deals.action?sid=1540620071791","otugu.com","https://www.snapnames.com/domain/otugu.com.action","otugu.com","null"
"1540622127-557","https://www.snapnames.com/store/Daily-Deals.action?sid=1540620071791","noteszoo.com","https://www.snapnames.com/domain/noteszoo.com.action","noteszoo.com","PlantsAndAnimals > Animals"
"1540623083-865","https://www.snapnames.com/store/Daily-Deals.action?sid=1540620071791","cubesheets.com","https://www.snapnames.com/domain/cubesheets.com.action","cubesheets.com","HomeAndGarden > Home"
"1540622826-782","https://www.snapnames.com/store/Daily-Deals.action?sid=1540620071791","faxtraining.com","https://www.snapnames.com/domain/faxtraining.com.action","faxtraining.com","Technology > Tech"
"1540622761-761","https://www.snapnames.com/store/Daily-Deals.action?sid=1540620071791","forproshop.com","https://www.snapnames.com/domain/forproshop.com.action","forproshop.com","Shopping > Shopping"
"1540623407-968","https://www.snapnames.com/store/Daily-Deals.action?sid=1540620071791","azerbaijanblog.com","https://www.snapnames.com/domain/azerbaijanblog.com.action","azerbaijanblog.com","Technology > Blogs"
"1540622218-586","https://www.snapnames.com/store/Daily-Deals.action?sid=1540620071791","mumbody.com","https://www.snapnames.com/domain/mumbody.com.action","mumbody.com","PlantsAndAnimals > Flowers"
"1540622118-554","https://www.snapnames.com/store/Daily-Deals.action?sid=1540620071791","nullpoet.com","https://www.snapnames.com/domain/nullpoet.com.action","nullpoet.com","People > People"
"1540622556-695","https://www.snapnames.com/store/Daily-Deals.action?sid=1540620071791","idlegala.com","https://www.snapnames.com/domain/idlegala.com.action","idlegala.com","Entertainment > Entertainment"
"1540622746-756","https://www.snapnames.com/store/Daily-Deals.action?sid=1540620071791","friendlycto.com","https://www.snapnames.com/domain/friendlycto.com.action","friendlycto.com","Business > Business"
"1540623099-870","https://www.snapnames.com/store/Daily-Deals.action?sid=1540620071791","creditpony.com","https://www.snapnames.com/domain/creditpony.com.action","creditpony.com","Finance > Finance"
"1540622578-701","https://www.snapnames.com/store/Daily-Deals.action?sid=1540620071791","hopseo.com","https://www.snapnames.com/domain/hopseo.com.action","hopseo.com","Technology > Internet"
"1540622100-548","https://www.snapnames.com/store/Daily-Deals.action?sid=1540620071791","onlinepeoples.com","https://www.snapnames.com/domain/onlinepeoples.com.action","onlinepeoples.com","Technology > Internet"
"1540623228-911","https://www.snapnames.com/store/Daily-Deals.action?sid=1540620071791","cargosuit.com","https://www.snapnames.com/domain/cargosuit.com.action","cargosuit.com","Transportation > Transportation"
"1540622703-742","https://www.snapnames.com/store/Daily-Deals.action?sid=1540620071791","generalcow.com","https://www.snapnames.com/domain/generalcow.com.action","generalcow.com","PlantsAndAnimals > Animals"
"1540622274-603","https://www.snapnames.com/store/Daily-Deals.action?sid=1540620071791","meshmaps.com","https://www.snapnames.com/domain/meshmaps.com.action","meshmaps.com","Transportation > Travel"
"1540623010-841","https://www.snapnames.com/store/Daily-Deals.action?sid=1540620071791","discountwebcam.com","https://www.snapnames.com/domain/discountwebcam.com.action","discountwebcam.com","Shopping > Shopping"
"1540623500-994","https://www.snapnames.com/store/Daily-Deals.action?sid=1540620071791","angrocery.com","https://www.snapnames.com/domain/angrocery.com.action","angrocery.com","FoodAndDrink > Food"
"1540622357-630","https://www.snapnames.com/store/Daily-Deals.action?sid=1540620071791","macedonialand.com","https://www.snapnames.com/domain/macedonialand.com.action","macedonialand.com","Geo > Country"
"1540623025-846","https://www.snapnames.com/store/Daily-Deals.action?sid=1540620071791","digitallark.com","https://www.snapnames.com/domain/digitallark.com.action","digitallark.com","Technology > Tech"
"1540623401-966","https://www.snapnames.com/store/Daily-Deals.action?sid=1540620071791","babyfoodforsale.com","https://www.snapnames.com/domain/babyfoodforsale.com.action","babyfoodforsale.com","FoodAndDrink > Food"
"1540622162-568","https://www.snapnames.com/store/Daily-Deals.action?sid=1540620071791","netherlandsland.com","https://www.snapnames.com/domain/netherlandsland.com.action","netherlandsland.com","Geo > Country"
"1540622254-598","https://www.snapnames.com/store/Daily-Deals.action?sid=1540620071791","midibyte.com","https://www.snapnames.com/domain/midibyte.com.action","midibyte.com","Technology > Tech"
"1540623250-918","https://www.snapnames.com/store/Daily-Deals.action?sid=1540620071791","campsnack.com","https://www.snapnames.com/domain/campsnack.com.action","campsnack.com","FoodAndDrink > Food"
"1540622755-759","https://www.snapnames.com/store/Daily-Deals.action?sid=1540620071791","fotocandles.com","https://www.snapnames.com/domain/fotocandles.com.action","fotocandles.com","Shopping > Shopping"
"1540622443-658","https://www.snapnames.com/store/Daily-Deals.action?sid=1540620071791","kosherflip.com","https://www.snapnames.com/domain/kosherflip.com.action","kosherflip.com","FoodAndDrink > Food"
"1540622284-606","https://www.snapnames.com/store/Daily-Deals.action?sid=1540620071791","medical-apparel.com","https://www.snapnames.com/domain/medical-apparel.com.action","medical-apparel.com","Health > Medical"
"1540622829-783","https://www.snapnames.com/store/Daily-Deals.action?sid=1540620071791","fattshirt.com","https://www.snapnames.com/domain/fattshirt.com.action","fattshirt.com","ClothingAndAccessories > Clothing"
"1540622057-534","https://www.snapnames.com/store/Daily-Deals.action?sid=1540620071791","pembrokepinesc[...].com","https://www.snapnames.com/domain/pembrokepinescarinsurance.com.action","pembrokepinescarinsurance.com","null"
"1540621990-513","https://www.snapnames.com/store/Daily-Deals.action?sid=1540620071791","polyhacker.com","https://www.snapnames.com/domain/polyhacker.com.action","polyhacker.com","Technology > Internet"
"1540623410-969","https://www.snapnames.com/store/Daily-Deals.action?sid=1540620071791","avorp.com","https://www.snapnames.com/domain/avorp.com.action","avorp.com","null"
"1540622397-643","https://www.snapnames.com/store/Daily-Deals.action?sid=1540620071791","liberialand.com","https://www.snapnames.com/domain/liberialand.com.action","liberialand.com","Geo > Country"
"1540623209-905","https://www.snapnames.com/store/Daily-Deals.action?sid=1540620071791","cctvcol.com","https://www.snapnames.com/domain/cctvcol.com.action","cctvcol.com","Entertainment > Television"
"1540622587-704","https://www.snapnames.com/store/Daily-Deals.action?sid=1540620071791","holymummy.com","https://www.snapnames.com/domain/holymummy.com.action","holymummy.com","null"
"1540623503-995","https://www.snapnames.com/store/Daily-Deals.action?sid=1540620071791","angolablog.com","https://www.snapnames.com/domain/angolablog.com.action","angolablog.com","Technology > Blogs"
"1540622636-720","https://www.snapnames.com/store/Daily-Deals.action?sid=1540620071791","hatsmile.com","https://www.snapnames.com/domain/hatsmile.com.action","hatsmile.com","ClothingAndAccessories > Clothing"
"1540623343-947","https://www.snapnames.com/store/Daily-Deals.action?sid=1540620071791","blonr.com","https://www.snapnames.com/domain/blonr.com.action","blonr.com","null"
"1540622866-795","https://www.snapnames.com/store/Daily-Deals.action?sid=1540620071791","ethiopiablog.com","https://www.snapnames.com/domain/ethiopiablog.com.action","ethiopiablog.com","Technology > Blogs"
"1540623395-964","https://www.snapnames.com/store/Daily-Deals.action?sid=1540620071791","batterygod.com","https://www.snapnames.com/domain/batterygod.com.action","batterygod.com","ScienceAndEducation > Electricity"
"1540622495-675","https://www.snapnames.com/store/Daily-Deals.action?sid=1540620071791","jewishflip.com","https://www.snapnames.com/domain/jewishflip.com.action","jewishflip.com","Society > Religious"
"1540622366-633","https://www.snapnames.com/store/Daily-Deals.action?sid=1540620071791","luckycolon.com","https://www.snapnames.com/domain/luckycolon.com.action","luckycolon.com","Health > Health"
"1540623253-919","https://www.snapnames.com/store/Daily-Deals.action?sid=1540620071791","campbaron.com","https://www.snapnames.com/domain/campbaron.com.action","campbaron.com","People > People"
"1540622841-787","https://www.snapnames.com/store/Daily-Deals.action?sid=1540620071791","famousturkey.com","https://www.snapnames.com/domain/famousturkey.com.action","famousturkey.com","FoodAndDrink > Food"
"1540623515-999","https://www.snapnames.com/store/Daily-Deals.action?sid=1540620071791","alphashoppe.com","https://www.snapnames.com/domain/alphashoppe.com.action","alphashoppe.com","Shopping > Shopping"
"1540622630-718","https://www.snapnames.com/store/Daily-Deals.action?sid=1540620071791","hdaccountant.com","https://www.snapnames.com/domain/hdaccountant.com.action","hdaccountant.com","Finance > Finance"
"1540623117-876","https://www.snapnames.com/store/Daily-Deals.action?sid=1540620071791","courseweed.com","https://www.snapnames.com/domain/courseweed.com.action","courseweed.com","ScienceAndEducation > Education"
